country,year,share_finance_members_ai_talent_pct,method,field,iso3,region,mock
France,2016,2.9,mock,ICT,FRA,EU27,1
France,2017,3.2,mock,ICT,FRA,EU27,1
France,2018,3.6,mock,ICT,FRA,EU27,1
France,2019,4.0,mock,ICT,FRA,EU27,1
France,2020,4.4,mock,ICT,FRA,EU27,1
France,2021,4.8,mock,ICT,FRA,EU27,1
France,2022,5.3,mock,ICT,FRA,EU27,1
France,2023,5.8,mock,ICT,FRA,EU27,1
France,2024,6.3,mock,ICT,FRA,EU27,1
France,2025,7.0,mock,ICT,FRA,EU27,1
France,2026,7.5,mock,ICT,FRA,EU27,1
Germany,2016,2.4,mock,ICT,DEU,EU27,1
Germany,2017,2.7,mock,ICT,DEU,EU27,1
Germany,2018,2.8,mock,ICT,DEU,EU27,1
Germany,2019,3.3,mock,ICT,DEU,EU27,1
Germany,2020,3.5,mock,ICT,DEU,EU27,1
Germany,2021,3.7,mock,ICT,DEU,EU27,1
Germany,2022,4.3,mock,ICT,DEU,EU27,1
Germany,2023,4.6,mock,ICT,DEU,EU27,1
Germany,2024,5.1,mock,ICT,DEU,EU27,1
Germany,2025,5.6,mock,ICT,DEU,EU27,1
Germany,2026,6.1,mock,ICT,DEU,EU27,1
India,2016,3.9,mock,ICT,IND,Asia-Pacific,1
India,2017,4.1,mock,ICT,IND,Asia-Pacific,1
India,2018,4.5,mock,ICT,IND,Asia-Pacific,1
India,2019,4.7,mock,ICT,IND,Asia-Pacific,1
India,2020,5.0,mock,ICT,IND,Asia-Pacific,1
India,2021,5.6,mock,ICT,IND,Asia-Pacific,1
India,2022,6.2,mock,ICT,IND,Asia-Pacific,1
India,2023,6.8,mock,ICT,IND,Asia-Pacific,1
India,2024,7.5,mock,ICT,IND,Asia-Pacific,1
India,2025,8.2,mock,ICT,IND,Asia-Pacific,1
India,2026,9.2,mock,ICT,IND,Asia-Pacific,1
United Kingdom,2016,6.0,mock,ICT,GBR,Europe (non-EU),1
United Kingdom,2017,6.4,mock,ICT,GBR,Europe (non-EU),1
United Kingdom,2018,6.6,mock,ICT,GBR,Europe (non-EU),1
United Kingdom,2019,6.8,mock,ICT,GBR,Europe (non-EU),1
United Kingdom,2020,7.2,mock,ICT,GBR,Europe (non-EU),1
United Kingdom,2021,7.7,mock,ICT,GBR,Europe (non-EU),1
United Kingdom,2022,8.2,mock,ICT,GBR,Europe (non-EU),1
United Kingdom,2023,8.8,mock,ICT,GBR,Europe (non-EU),1
United Kingdom,2024,9.6,mock,ICT,GBR,Europe (non-EU),1
United Kingdom,2025,10.6,mock,ICT,GBR,Europe (non-EU),1
United Kingdom,2026,11.7,mock,ICT,GBR,Europe (non-EU),1
United States,2016,5.8,mock,ICT,USA,Americas,1
United States,2017,6.1,mock,ICT,USA,Americas,1
United States,2018,6.5,mock,ICT,USA,Americas,1
United States,2019,6.6,mock,ICT,USA,Americas,1
United States,2020,7.1,mock,ICT,USA,Americas,1
United States,2021,7.7,mock,ICT,USA,Americas,1
United States,2022,8.3,mock,ICT,USA,Americas,1
United States,2023,8.9,mock,ICT,USA,Americas,1
United States,2024,9.8,mock,ICT,USA,Americas,1
United States,2025,10.8,mock,ICT,USA,Americas,1
United States,2026,11.8,mock,ICT,USA,Americas,1
Spain,2016,4.2,mock,ICT,ESP,EU27,1
Spain,2017,4.5,mock,ICT,ESP,EU27,1
Spain,2018,4.7,mock,ICT,ESP,EU27,1
Spain,2019,5.2,mock,ICT,ESP,EU27,1
Spain,2020,5.3,mock,ICT,ESP,EU27,1
Spain,2021,5.7,mock,ICT,ESP,EU27,1
Spain,2022,6.1,mock,ICT,ESP,EU27,1
Spain,2023,6.7,mock,ICT,ESP,EU27,1
Spain,2024,7.2,mock,ICT,ESP,EU27,1
Spain,2025,7.7,mock,ICT,ESP,EU27,1
Spain,2026,8.3,mock,ICT,ESP,EU27,1
Italy,2016,3.7,mock,ICT,ITA,EU27,1
Italy,2017,4.0,mock,ICT,ITA,EU27,1
Italy,2018,4.0,mock,ICT,ITA,EU27,1
Italy,2019,4.2,mock,ICT,ITA,EU27,1
Italy,2020,4.6,mock,ICT,ITA,EU27,1
Italy,2021,5.1,mock,ICT,ITA,EU27,1
Italy,2022,5.6,mock,ICT,ITA,EU27,1
Italy,2023,6.0,mock,ICT,ITA,EU27,1
Italy,2024,6.6,mock,ICT,ITA,EU27,1
Italy,2025,7.3,mock,ICT,ITA,EU27,1
Italy,2026,8.1,mock,ICT,ITA,EU27,1
Netherlands,2016,5.0,mock,ICT,NLD,EU27,1
Netherlands,2017,5.2,mock,ICT,NLD,EU27,1
Netherlands,2018,5.6,mock,ICT,NLD,EU27,1
Netherlands,2019,5.9,mock,ICT,NLD,EU27,1
Netherlands,2020,6.3,mock,ICT,NLD,EU27,1
Netherlands,2021,6.6,mock,ICT,NLD,EU27,1
Netherlands,2022,7.0,mock,ICT,NLD,EU27,1
Netherlands,2023,7.4,mock,ICT,NLD,EU27,1
Netherlands,2024,8.1,mock,ICT,NLD,EU27,1
Netherlands,2025,8.5,mock,ICT,NLD,EU27,1
Netherlands,2026,9.1,mock,ICT,NLD,EU27,1
Belgium,2016,7.1,mock,ICT,BEL,EU27,1
Belgium,2017,7.4,mock,ICT,BEL,EU27,1
Belgium,2018,7.5,mock,ICT,BEL,EU27,1
Belgium,2019,7.9,mock,ICT,BEL,EU27,1
Belgium,2020,8.3,mock,ICT,BEL,EU27,1
Belgium,2021,8.7,mock,ICT,BEL,EU27,1
Belgium,2022,9.3,mock,ICT,BEL,EU27,1
Belgium,2023,9.6,mock,ICT,BEL,EU27,1
Belgium,2024,10.2,mock,ICT,BEL,EU27,1
Belgium,2025,10.7,mock,ICT,BEL,EU27,1
Belgium,2026,11.3,mock,ICT,BEL,EU27,1
Sweden,2016,4.8,mock,ICT,SWE,EU27,1
Sweden,2017,5.3,mock,ICT,SWE,EU27,1
Sweden,2018,5.8,mock,ICT,SWE,EU27,1
Sweden,2019,6.5,mock,ICT,SWE,EU27,1
Sweden,2020,7.1,mock,ICT,SWE,EU27,1
Sweden,2021,7.8,mock,ICT,SWE,EU27,1
Sweden,2022,8.6,mock,ICT,SWE,EU27,1
Sweden,2023,9.4,mock,ICT,SWE,EU27,1
Sweden,2024,10.3,mock,ICT,SWE,EU27,1
Sweden,2025,11.3,mock,ICT,SWE,EU27,1
Sweden,2026,12.4,mock,ICT,SWE,EU27,1
Poland,2016,1.1,mock,ICT,POL,EU27,1
Poland,2017,1.4,mock,ICT,POL,EU27,1
Poland,2018,1.7,mock,ICT,POL,EU27,1
Poland,2019,1.9,mock,ICT,POL,EU27,1
Poland,2020,2.3,mock,ICT,POL,EU27,1
Poland,2021,2.8,mock,ICT,POL,EU27,1
Poland,2022,3.2,mock,ICT,POL,EU27,1
Poland,2023,3.8,mock,ICT,POL,EU27,1
Poland,2024,4.6,mock,ICT,POL,EU27,1
Poland,2025,5.4,mock,ICT,POL,EU27,1
Poland,2026,6.3,mock,ICT,POL,EU27,1
Ireland,2016,4.1,mock,ICT,IRL,EU27,1
Ireland,2017,4.3,mock,ICT,IRL,EU27,1
Ireland,2018,4.6,mock,ICT,IRL,EU27,1
Ireland,2019,4.7,mock,ICT,IRL,EU27,1
Ireland,2020,5.1,mock,ICT,IRL,EU27,1
Ireland,2021,5.4,mock,ICT,IRL,EU27,1
Ireland,2022,5.6,mock,ICT,IRL,EU27,1
Ireland,2023,6.1,mock,ICT,IRL,EU27,1
Ireland,2024,6.5,mock,ICT,IRL,EU27,1
Ireland,2025,6.9,mock,ICT,IRL,EU27,1
Ireland,2026,7.6,mock,ICT,IRL,EU27,1
Portugal,2016,3.0,mock,ICT,PRT,EU27,1
Portugal,2017,3.3,mock,ICT,PRT,EU27,1
Portugal,2018,3.6,mock,ICT,PRT,EU27,1
Portugal,2019,4.0,mock,ICT,PRT,EU27,1
Portugal,2020,4.1,mock,ICT,PRT,EU27,1
Portugal,2021,4.4,mock,ICT,PRT,EU27,1
Portugal,2022,5.0,mock,ICT,PRT,EU27,1
Portugal,2023,5.7,mock,ICT,PRT,EU27,1
Portugal,2024,6.3,mock,ICT,PRT,EU27,1
Portugal,2025,7.1,mock,ICT,PRT,EU27,1
Portugal,2026,8.0,mock,ICT,PRT,EU27,1
Denmark,2016,2.9,mock,ICT,DNK,EU27,1
Denmark,2017,3.4,mock,ICT,DNK,EU27,1
Denmark,2018,3.9,mock,ICT,DNK,EU27,1
Denmark,2019,4.4,mock,ICT,DNK,EU27,1
Denmark,2020,4.9,mock,ICT,DNK,EU27,1
Denmark,2021,5.8,mock,ICT,DNK,EU27,1
Denmark,2022,6.4,mock,ICT,DNK,EU27,1
Denmark,2023,7.0,mock,ICT,DNK,EU27,1
Denmark,2024,7.9,mock,ICT,DNK,EU27,1
Denmark,2025,8.7,mock,ICT,DNK,EU27,1
Denmark,2026,9.6,mock,ICT,DNK,EU27,1
Austria,2016,7.8,mock,ICT,AUT,EU27,1
Austria,2017,8.2,mock,ICT,AUT,EU27,1
Austria,2018,8.5,mock,ICT,AUT,EU27,1
Austria,2019,9.0,mock,ICT,AUT,EU27,1
Austria,2020,9.5,mock,ICT,AUT,EU27,1
Austria,2021,10.0,mock,ICT,AUT,EU27,1
Austria,2022,10.7,mock,ICT,AUT,EU27,1
Austria,2023,11.5,mock,ICT,AUT,EU27,1
Austria,2024,12.4,mock,ICT,AUT,EU27,1
Austria,2025,13.2,mock,ICT,AUT,EU27,1
Austria,2026,14.2,mock,ICT,AUT,EU27,1
Finland,2016,7.7,mock,ICT,FIN,EU27,1
Finland,2017,8.1,mock,ICT,FIN,EU27,1
Finland,2018,8.4,mock,ICT,FIN,EU27,1
Finland,2019,8.8,mock,ICT,FIN,EU27,1
Finland,2020,9.3,mock,ICT,FIN,EU27,1
Finland,2021,9.6,mock,ICT,FIN,EU27,1
Finland,2022,10.1,mock,ICT,FIN,EU27,1
Finland,2023,10.6,mock,ICT,FIN,EU27,1
Finland,2024,11.2,mock,ICT,FIN,EU27,1
Finland,2025,11.8,mock,ICT,FIN,EU27,1
Finland,2026,12.4,mock,ICT,FIN,EU27,1
Czechia,2016,4.8,mock,ICT,CZE,EU27,1
Czechia,2017,5.1,mock,ICT,CZE,EU27,1
Czechia,2018,5.3,mock,ICT,CZE,EU27,1
Czechia,2019,5.8,mock,ICT,CZE,EU27,1
Czechia,2020,6.2,mock,ICT,CZE,EU27,1
Czechia,2021,6.5,mock,ICT,CZE,EU27,1
Czechia,2022,7.2,mock,ICT,CZE,EU27,1
Czechia,2023,7.8,mock,ICT,CZE,EU27,1
Czechia,2024,8.7,mock,ICT,CZE,EU27,1
Czechia,2025,9.7,mock,ICT,CZE,EU27,1
Czechia,2026,10.7,mock,ICT,CZE,EU27,1
Romania,2016,3.9,mock,ICT,ROU,EU27,1
Romania,2017,4.1,mock,ICT,ROU,EU27,1
Romania,2018,4.3,mock,ICT,ROU,EU27,1
Romania,2019,4.6,mock,ICT,ROU,EU27,1
Romania,2020,4.9,mock,ICT,ROU,EU27,1
Romania,2021,5.4,mock,ICT,ROU,EU27,1
Romania,2022,5.7,mock,ICT,ROU,EU27,1
Romania,2023,6.2,mock,ICT,ROU,EU27,1
Romania,2024,6.4,mock,ICT,ROU,EU27,1
Romania,2025,7.4,mock,ICT,ROU,EU27,1
Romania,2026,7.9,mock,ICT,ROU,EU27,1
Greece,2016,3.5,mock,ICT,GRC,EU27,1
Greece,2017,3.6,mock,ICT,GRC,EU27,1
Greece,2018,3.7,mock,ICT,GRC,EU27,1
Greece,2019,3.8,mock,ICT,GRC,EU27,1
Greece,2020,4.0,mock,ICT,GRC,EU27,1
Greece,2021,4.1,mock,ICT,GRC,EU27,1
Greece,2022,4.6,mock,ICT,GRC,EU27,1
Greece,2023,4.7,mock,ICT,GRC,EU27,1
Greece,2024,5.0,mock,ICT,GRC,EU27,1
Greece,2025,5.2,mock,ICT,GRC,EU27,1
Greece,2026,5.5,mock,ICT,GRC,EU27,1
Hungary,2016,3.0,mock,ICT,HUN,EU27,1
Hungary,2017,3.3,mock,ICT,HUN,EU27,1
Hungary,2018,3.4,mock,ICT,HUN,EU27,1
Hungary,2019,3.7,mock,ICT,HUN,EU27,1
Hungary,2020,4.1,mock,ICT,HUN,EU27,1
Hungary,2021,4.4,mock,ICT,HUN,EU27,1
Hungary,2022,4.9,mock,ICT,HUN,EU27,1
Hungary,2023,5.3,mock,ICT,HUN,EU27,1
Hungary,2024,5.9,mock,ICT,HUN,EU27,1
Hungary,2025,6.7,mock,ICT,HUN,EU27,1
Hungary,2026,7.1,mock,ICT,HUN,EU27,1
Bulgaria,2016,1.7,mock,ICT,BGR,EU27,1
Bulgaria,2017,1.8,mock,ICT,BGR,EU27,1
Bulgaria,2018,2.2,mock,ICT,BGR,EU27,1
Bulgaria,2019,2.7,mock,ICT,BGR,EU27,1
Bulgaria,2020,2.9,mock,ICT,BGR,EU27,1
Bulgaria,2021,3.3,mock,ICT,BGR,EU27,1
Bulgaria,2022,3.7,mock,ICT,BGR,EU27,1
Bulgaria,2023,4.2,mock,ICT,BGR,EU27,1
Bulgaria,2024,4.9,mock,ICT,BGR,EU27,1
Bulgaria,2025,5.4,mock,ICT,BGR,EU27,1
Bulgaria,2026,6.1,mock,ICT,BGR,EU27,1
Croatia,2016,4.9,mock,ICT,HRV,EU27,1
Croatia,2017,5.2,mock,ICT,HRV,EU27,1
Croatia,2018,5.7,mock,ICT,HRV,EU27,1
Croatia,2019,6.1,mock,ICT,HRV,EU27,1
Croatia,2020,6.8,mock,ICT,HRV,EU27,1
Croatia,2021,7.3,mock,ICT,HRV,EU27,1
Croatia,2022,7.8,mock,ICT,HRV,EU27,1
Croatia,2023,8.8,mock,ICT,HRV,EU27,1
Croatia,2024,9.6,mock,ICT,HRV,EU27,1
Croatia,2025,10.8,mock,ICT,HRV,EU27,1
Croatia,2026,11.9,mock,ICT,HRV,EU27,1
Slovakia,2016,5.8,mock,ICT,SVK,EU27,1
Slovakia,2017,6.4,mock,ICT,SVK,EU27,1
Slovakia,2018,6.9,mock,ICT,SVK,EU27,1
Slovakia,2019,7.8,mock,ICT,SVK,EU27,1
Slovakia,2020,8.7,mock,ICT,SVK,EU27,1
Slovakia,2021,9.4,mock,ICT,SVK,EU27,1
Slovakia,2022,10.2,mock,ICT,SVK,EU27,1
Slovakia,2023,11.3,mock,ICT,SVK,EU27,1
Slovakia,2024,12.2,mock,ICT,SVK,EU27,1
Slovakia,2025,13.5,mock,ICT,SVK,EU27,1
Slovakia,2026,14.6,mock,ICT,SVK,EU27,1
Lithuania,2016,5.2,mock,ICT,LTU,EU27,1
Lithuania,2017,5.3,mock,ICT,LTU,EU27,1
Lithuania,2018,5.4,mock,ICT,LTU,EU27,1
Lithuania,2019,5.6,mock,ICT,LTU,EU27,1
Lithuania,2020,5.9,mock,ICT,LTU,EU27,1
Lithuania,2021,5.9,mock,ICT,LTU,EU27,1
Lithuania,2022,6.4,mock,ICT,LTU,EU27,1
Lithuania,2023,6.8,mock,ICT,LTU,EU27,1
Lithuania,2024,7.2,mock,ICT,LTU,EU27,1
Lithuania,2025,7.7,mock,ICT,LTU,EU27,1
Lithuania,2026,8.3,mock,ICT,LTU,EU27,1
Estonia,2016,3.9,mock,ICT,EST,EU27,1
Estonia,2017,4.2,mock,ICT,EST,EU27,1
Estonia,2018,4.5,mock,ICT,EST,EU27,1
Estonia,2019,4.7,mock,ICT,EST,EU27,1
Estonia,2020,5.1,mock,ICT,EST,EU27,1
Estonia,2021,5.6,mock,ICT,EST,EU27,1
Estonia,2022,6.1,mock,ICT,EST,EU27,1
Estonia,2023,6.8,mock,ICT,EST,EU27,1
Estonia,2024,7.4,mock,ICT,EST,EU27,1
Estonia,2025,8.0,mock,ICT,EST,EU27,1
Estonia,2026,9.0,mock,ICT,EST,EU27,1
Switzerland,2016,5.9,mock,ICT,CHE,Europe (non-EU),1
Switzerland,2017,6.5,mock,ICT,CHE,Europe (non-EU),1
Switzerland,2018,7.0,mock,ICT,CHE,Europe (non-EU),1
Switzerland,2019,7.4,mock,ICT,CHE,Europe (non-EU),1
Switzerland,2020,8.0,mock,ICT,CHE,Europe (non-EU),1
Switzerland,2021,8.6,mock,ICT,CHE,Europe (non-EU),1
Switzerland,2022,9.4,mock,ICT,CHE,Europe (non-EU),1
Switzerland,2023,10.1,mock,ICT,CHE,Europe (non-EU),1
Switzerland,2024,10.8,mock,ICT,CHE,Europe (non-EU),1
Switzerland,2025,11.7,mock,ICT,CHE,Europe (non-EU),1
Switzerland,2026,12.6,mock,ICT,CHE,Europe (non-EU),1
Norway,2016,3.7,mock,ICT,NOR,Europe (non-EU),1
Norway,2017,3.9,mock,ICT,NOR,Europe (non-EU),1
Norway,2018,4.1,mock,ICT,NOR,Europe (non-EU),1
Norway,2019,4.3,mock,ICT,NOR,Europe (non-EU),1
Norway,2020,4.7,mock,ICT,NOR,Europe (non-EU),1
Norway,2021,5.0,mock,ICT,NOR,Europe (non-EU),1
Norway,2022,5.2,mock,ICT,NOR,Europe (non-EU),1
Norway,2023,5.7,mock,ICT,NOR,Europe (non-EU),1
Norway,2024,6.3,mock,ICT,NOR,Europe (non-EU),1
Norway,2025,7.0,mock,ICT,NOR,Europe (non-EU),1
Norway,2026,7.7,mock,ICT,NOR,Europe (non-EU),1
Turkey,2016,6.4,mock,ICT,TUR,Europe (non-EU),1
Turkey,2017,6.5,mock,ICT,TUR,Europe (non-EU),1
Turkey,2018,7.0,mock,ICT,TUR,Europe (non-EU),1
Turkey,2019,7.1,mock,ICT,TUR,Europe (non-EU),1
Turkey,2020,7.5,mock,ICT,TUR,Europe (non-EU),1
Turkey,2021,8.0,mock,ICT,TUR,Europe (non-EU),1
Turkey,2022,8.3,mock,ICT,TUR,Europe (non-EU),1
Turkey,2023,8.7,mock,ICT,TUR,Europe (non-EU),1
Turkey,2024,9.1,mock,ICT,TUR,Europe (non-EU),1
Turkey,2025,9.7,mock,ICT,TUR,Europe (non-EU),1
Turkey,2026,10.3,mock,ICT,TUR,Europe (non-EU),1
Canada,2016,5.6,mock,ICT,CAN,Americas,1
Canada,2017,6.1,mock,ICT,CAN,Americas,1
Canada,2018,6.6,mock,ICT,CAN,Americas,1
Canada,2019,7.2,mock,ICT,CAN,Americas,1
Canada,2020,7.8,mock,ICT,CAN,Americas,1
Canada,2021,8.4,mock,ICT,CAN,Americas,1
Canada,2022,9.0,mock,ICT,CAN,Americas,1
Canada,2023,9.9,mock,ICT,CAN,Americas,1
Canada,2024,10.6,mock,ICT,CAN,Americas,1
Canada,2025,11.3,mock,ICT,CAN,Americas,1
Canada,2026,12.3,mock,ICT,CAN,Americas,1
Mexico,2016,4.8,mock,ICT,MEX,Americas,1
Mexico,2017,5.0,mock,ICT,MEX,Americas,1
Mexico,2018,5.6,mock,ICT,MEX,Americas,1
Mexico,2019,5.8,mock,ICT,MEX,Americas,1
Mexico,2020,6.4,mock,ICT,MEX,Americas,1
Mexico,2021,7.0,mock,ICT,MEX,Americas,1
Mexico,2022,7.4,mock,ICT,MEX,Americas,1
Mexico,2023,8.5,mock,ICT,MEX,Americas,1
Mexico,2024,9.5,mock,ICT,MEX,Americas,1
Mexico,2025,10.7,mock,ICT,MEX,Americas,1
Mexico,2026,11.9,mock,ICT,MEX,Americas,1
Brazil,2016,2.7,mock,ICT,BRA,Americas,1
Brazil,2017,3.0,mock,ICT,BRA,Americas,1
Brazil,2018,3.3,mock,ICT,BRA,Americas,1
Brazil,2019,3.9,mock,ICT,BRA,Americas,1
Brazil,2020,4.2,mock,ICT,BRA,Americas,1
Brazil,2021,4.8,mock,ICT,BRA,Americas,1
Brazil,2022,5.6,mock,ICT,BRA,Americas,1
Brazil,2023,6.3,mock,ICT,BRA,Americas,1
Brazil,2024,7.2,mock,ICT,BRA,Americas,1
Brazil,2025,8.3,mock,ICT,BRA,Americas,1
Brazil,2026,9.7,mock,ICT,BRA,Americas,1
Argentina,2016,5.3,mock,ICT,ARG,Americas,1
Argentina,2017,5.8,mock,ICT,ARG,Americas,1
Argentina,2018,6.3,mock,ICT,ARG,Americas,1
Argentina,2019,7.0,mock,ICT,ARG,Americas,1
Argentina,2020,7.5,mock,ICT,ARG,Americas,1
Argentina,2021,8.4,mock,ICT,ARG,Americas,1
Argentina,2022,9.2,mock,ICT,ARG,Americas,1
Argentina,2023,10.4,mock,ICT,ARG,Americas,1
Argentina,2024,11.2,mock,ICT,ARG,Americas,1
Argentina,2025,12.5,mock,ICT,ARG,Americas,1
Argentina,2026,13.9,mock,ICT,ARG,Americas,1
Chile,2016,3.1,mock,ICT,CHL,Americas,1
Chile,2017,3.4,mock,ICT,CHL,Americas,1
Chile,2018,3.9,mock,ICT,CHL,Americas,1
Chile,2019,4.2,mock,ICT,CHL,Americas,1
Chile,2020,4.7,mock,ICT,CHL,Americas,1
Chile,2021,5.2,mock,ICT,CHL,Americas,1
Chile,2022,5.7,mock,ICT,CHL,Americas,1
Chile,2023,6.5,mock,ICT,CHL,Americas,1
Chile,2024,6.9,mock,ICT,CHL,Americas,1
Chile,2025,7.8,mock,ICT,CHL,Americas,1
Chile,2026,8.5,mock,ICT,CHL,Americas,1
Colombia,2016,2.8,mock,ICT,COL,Americas,1
Colombia,2017,3.3,mock,ICT,COL,Americas,1
Colombia,2018,3.9,mock,ICT,COL,Americas,1
Colombia,2019,4.7,mock,ICT,COL,Americas,1
Colombia,2020,5.4,mock,ICT,COL,Americas,1
Colombia,2021,6.2,mock,ICT,COL,Americas,1
Colombia,2022,7.4,mock,ICT,COL,Americas,1
Colombia,2023,8.3,mock,ICT,COL,Americas,1
Colombia,2024,9.8,mock,ICT,COL,Americas,1
Colombia,2025,11.1,mock,ICT,COL,Americas,1
Colombia,2026,12.8,mock,ICT,COL,Americas,1
Peru,2016,2.3,mock,ICT,PER,Americas,1
Peru,2017,2.3,mock,ICT,PER,Americas,1
Peru,2018,2.6,mock,ICT,PER,Americas,1
Peru,2019,2.7,mock,ICT,PER,Americas,1
Peru,2020,2.8,mock,ICT,PER,Americas,1
Peru,2021,3.0,mock,ICT,PER,Americas,1
Peru,2022,3.2,mock,ICT,PER,Americas,1
Peru,2023,3.6,mock,ICT,PER,Americas,1
Peru,2024,3.6,mock,ICT,PER,Americas,1
Peru,2025,3.9,mock,ICT,PER,Americas,1
Peru,2026,4.2,mock,ICT,PER,Americas,1
Australia,2016,3.8,mock,ICT,AUS,Asia-Pacific,1
Australia,2017,4.4,mock,ICT,AUS,Asia-Pacific,1
Australia,2018,5.0,mock,ICT,AUS,Asia-Pacific,1
Australia,2019,5.7,mock,ICT,AUS,Asia-Pacific,1
Australia,2020,6.3,mock,ICT,AUS,Asia-Pacific,1
Australia,2021,7.1,mock,ICT,AUS,Asia-Pacific,1
Australia,2022,8.0,mock,ICT,AUS,Asia-Pacific,1
Australia,2023,8.9,mock,ICT,AUS,Asia-Pacific,1
Australia,2024,9.8,mock,ICT,AUS,Asia-Pacific,1
Australia,2025,10.8,mock,ICT,AUS,Asia-Pacific,1
Australia,2026,12.0,mock,ICT,AUS,Asia-Pacific,1
New Zealand,2016,3.1,mock,ICT,NZL,Asia-Pacific,1
New Zealand,2017,3.7,mock,ICT,NZL,Asia-Pacific,1
New Zealand,2018,4.1,mock,ICT,NZL,Asia-Pacific,1
New Zealand,2019,4.7,mock,ICT,NZL,Asia-Pacific,1
New Zealand,2020,5.3,mock,ICT,NZL,Asia-Pacific,1
New Zealand,2021,6.1,mock,ICT,NZL,Asia-Pacific,1
New Zealand,2022,6.9,mock,ICT,NZL,Asia-Pacific,1
New Zealand,2023,7.9,mock,ICT,NZL,Asia-Pacific,1
New Zealand,2024,9.1,mock,ICT,NZL,Asia-Pacific,1
New Zealand,2025,10.3,mock,ICT,NZL,Asia-Pacific,1
New Zealand,2026,11.6,mock,ICT,NZL,Asia-Pacific,1
Japan,2016,5.7,mock,ICT,JPN,Asia-Pacific,1
Japan,2017,6.1,mock,ICT,JPN,Asia-Pacific,1
Japan,2018,6.6,mock,ICT,JPN,Asia-Pacific,1
Japan,2019,7.0,mock,ICT,JPN,Asia-Pacific,1
Japan,2020,7.6,mock,ICT,JPN,Asia-Pacific,1
Japan,2021,8.2,mock,ICT,JPN,Asia-Pacific,1
Japan,2022,9.0,mock,ICT,JPN,Asia-Pacific,1
Japan,2023,10.2,mock,ICT,JPN,Asia-Pacific,1
Japan,2024,11.3,mock,ICT,JPN,Asia-Pacific,1
Japan,2025,12.7,mock,ICT,JPN,Asia-Pacific,1
Japan,2026,14.1,mock,ICT,JPN,Asia-Pacific,1
Singapore,2016,5.6,mock,ICT,SGP,Asia-Pacific,1
Singapore,2017,6.0,mock,ICT,SGP,Asia-Pacific,1
Singapore,2018,6.3,mock,ICT,SGP,Asia-Pacific,1
Singapore,2019,6.9,mock,ICT,SGP,Asia-Pacific,1
Singapore,2020,7.3,mock,ICT,SGP,Asia-Pacific,1
Singapore,2021,8.0,mock,ICT,SGP,Asia-Pacific,1
Singapore,2022,8.6,mock,ICT,SGP,Asia-Pacific,1
Singapore,2023,9.4,mock,ICT,SGP,Asia-Pacific,1
Singapore,2024,10.5,mock,ICT,SGP,Asia-Pacific,1
Singapore,2025,11.6,mock,ICT,SGP,Asia-Pacific,1
Singapore,2026,12.8,mock,ICT,SGP,Asia-Pacific,1
Indonesia,2016,2.2,mock,ICT,IDN,Asia-Pacific,1
Indonesia,2017,2.3,mock,ICT,IDN,Asia-Pacific,1
Indonesia,2018,2.6,mock,ICT,IDN,Asia-Pacific,1
Indonesia,2019,2.8,mock,ICT,IDN,Asia-Pacific,1
Indonesia,2020,3.0,mock,ICT,IDN,Asia-Pacific,1
Indonesia,2021,3.4,mock,ICT,IDN,Asia-Pacific,1
Indonesia,2022,3.7,mock,ICT,IDN,Asia-Pacific,1
Indonesia,2023,4.1,mock,ICT,IDN,Asia-Pacific,1
Indonesia,2024,4.5,mock,ICT,IDN,Asia-Pacific,1
Indonesia,2025,5.0,mock,ICT,IDN,Asia-Pacific,1
Indonesia,2026,5.8,mock,ICT,IDN,Asia-Pacific,1
Philippines,2016,2.6,mock,ICT,PHL,Asia-Pacific,1
Philippines,2017,2.9,mock,ICT,PHL,Asia-Pacific,1
Philippines,2018,3.2,mock,ICT,PHL,Asia-Pacific,1
Philippines,2019,3.5,mock,ICT,PHL,Asia-Pacific,1
Philippines,2020,3.8,mock,ICT,PHL,Asia-Pacific,1
Philippines,2021,4.0,mock,ICT,PHL,Asia-Pacific,1
Philippines,2022,4.5,mock,ICT,PHL,Asia-Pacific,1
Philippines,2023,4.9,mock,ICT,PHL,Asia-Pacific,1
Philippines,2024,5.5,mock,ICT,PHL,Asia-Pacific,1
Philippines,2025,5.9,mock,ICT,PHL,Asia-Pacific,1
Philippines,2026,6.4,mock,ICT,PHL,Asia-Pacific,1
Malaysia,2016,3.3,mock,ICT,MYS,Asia-Pacific,1
Malaysia,2017,3.4,mock,ICT,MYS,Asia-Pacific,1
Malaysia,2018,3.7,mock,ICT,MYS,Asia-Pacific,1
Malaysia,2019,4.0,mock,ICT,MYS,Asia-Pacific,1
Malaysia,2020,4.3,mock,ICT,MYS,Asia-Pacific,1
Malaysia,2021,4.7,mock,ICT,MYS,Asia-Pacific,1
Malaysia,2022,4.8,mock,ICT,MYS,Asia-Pacific,1
Malaysia,2023,5.4,mock,ICT,MYS,Asia-Pacific,1
Malaysia,2024,5.9,mock,ICT,MYS,Asia-Pacific,1
Malaysia,2025,6.6,mock,ICT,MYS,Asia-Pacific,1
Malaysia,2026,7.2,mock,ICT,MYS,Asia-Pacific,1
United Arab Emirates,2016,2.7,mock,ICT,ARE,Middle East,1
United Arab Emirates,2017,2.8,mock,ICT,ARE,Middle East,1
United Arab Emirates,2018,3.2,mock,ICT,ARE,Middle East,1
United Arab Emirates,2019,3.4,mock,ICT,ARE,Middle East,1
United Arab Emirates,2020,3.5,mock,ICT,ARE,Middle East,1
United Arab Emirates,2021,3.9,mock,ICT,ARE,Middle East,1
United Arab Emirates,2022,4.3,mock,ICT,ARE,Middle East,1
United Arab Emirates,2023,4.6,mock,ICT,ARE,Middle East,1
United Arab Emirates,2024,5.2,mock,ICT,ARE,Middle East,1
United Arab Emirates,2025,5.7,mock,ICT,ARE,Middle East,1
United Arab Emirates,2026,6.4,mock,ICT,ARE,Middle East,1
Saudi Arabia,2016,3.3,mock,ICT,SAU,Middle East,1
Saudi Arabia,2017,3.3,mock,ICT,SAU,Middle East,1
Saudi Arabia,2018,3.6,mock,ICT,SAU,Middle East,1
Saudi Arabia,2019,3.7,mock,ICT,SAU,Middle East,1
Saudi Arabia,2020,3.8,mock,ICT,SAU,Middle East,1
Saudi Arabia,2021,4.1,mock,ICT,SAU,Middle East,1
Saudi Arabia,2022,4.3,mock,ICT,SAU,Middle East,1
Saudi Arabia,2023,4.5,mock,ICT,SAU,Middle East,1
Saudi Arabia,2024,4.9,mock,ICT,SAU,Middle East,1
Saudi Arabia,2025,5.1,mock,ICT,SAU,Middle East,1
Saudi Arabia,2026,5.6,mock,ICT,SAU,Middle East,1
Israel,2016,4.7,mock,ICT,ISR,Middle East,1
Israel,2017,4.8,mock,ICT,ISR,Middle East,1
Israel,2018,5.2,mock,ICT,ISR,Middle East,1
Israel,2019,5.2,mock,ICT,ISR,Middle East,1
Israel,2020,5.5,mock,ICT,ISR,Middle East,1
Israel,2021,5.7,mock,ICT,ISR,Middle East,1
Israel,2022,5.9,mock,ICT,ISR,Middle East,1
Israel,2023,6.4,mock,ICT,ISR,Middle East,1
Israel,2024,6.6,mock,ICT,ISR,Middle East,1
Israel,2025,7.0,mock,ICT,ISR,Middle East,1
Israel,2026,7.5,mock,ICT,ISR,Middle East,1
Qatar,2016,5.8,mock,ICT,QAT,Middle East,1
Qatar,2017,6.3,mock,ICT,QAT,Middle East,1
Qatar,2018,6.9,mock,ICT,QAT,Middle East,1
Qatar,2019,7.6,mock,ICT,QAT,Middle East,1
Qatar,2020,8.1,mock,ICT,QAT,Middle East,1
Qatar,2021,8.7,mock,ICT,QAT,Middle East,1
Qatar,2022,9.5,mock,ICT,QAT,Middle East,1
Qatar,2023,10.2,mock,ICT,QAT,Middle East,1
Qatar,2024,11.0,mock,ICT,QAT,Middle East,1
Qatar,2025,11.9,mock,ICT,QAT,Middle East,1
Qatar,2026,12.9,mock,ICT,QAT,Middle East,1
South Africa,2016,3.9,mock,ICT,ZAF,Africa,1
South Africa,2017,4.1,mock,ICT,ZAF,Africa,1
South Africa,2018,4.2,mock,ICT,ZAF,Africa,1
South Africa,2019,4.6,mock,ICT,ZAF,Africa,1
South Africa,2020,4.9,mock,ICT,ZAF,Africa,1
South Africa,2021,5.4,mock,ICT,ZAF,Africa,1
South Africa,2022,5.7,mock,ICT,ZAF,Africa,1
South Africa,2023,6.3,mock,ICT,ZAF,Africa,1
South Africa,2024,7.0,mock,ICT,ZAF,Africa,1
South Africa,2025,7.9,mock,ICT,ZAF,Africa,1
South Africa,2026,8.7,mock,ICT,ZAF,Africa,1
Nigeria,2016,3.6,mock,ICT,NGA,Africa,1
Nigeria,2017,4.1,mock,ICT,NGA,Africa,1
Nigeria,2018,5.0,mock,ICT,NGA,Africa,1
Nigeria,2019,5.5,mock,ICT,NGA,Africa,1
Nigeria,2020,6.1,mock,ICT,NGA,Africa,1
Nigeria,2021,6.8,mock,ICT,NGA,Africa,1
Nigeria,2022,7.7,mock,ICT,NGA,Africa,1
Nigeria,2023,8.5,mock,ICT,NGA,Africa,1
Nigeria,2024,9.6,mock,ICT,NGA,Africa,1
Nigeria,2025,10.5,mock,ICT,NGA,Africa,1
Nigeria,2026,11.5,mock,ICT,NGA,Africa,1
Egypt,2016,2.9,mock,ICT,EGY,Africa,1
Egypt,2017,3.1,mock,ICT,EGY,Africa,1
Egypt,2018,3.2,mock,ICT,EGY,Africa,1
Egypt,2019,3.6,mock,ICT,EGY,Africa,1
Egypt,2020,3.8,mock,ICT,EGY,Africa,1
Egypt,2021,4.1,mock,ICT,EGY,Africa,1
Egypt,2022,4.2,mock,ICT,EGY,Africa,1
Egypt,2023,4.4,mock,ICT,EGY,Africa,1
Egypt,2024,4.9,mock,ICT,EGY,Africa,1
Egypt,2025,5.2,mock,ICT,EGY,Africa,1
Egypt,2026,5.6,mock,ICT,EGY,Africa,1
Kenya,2016,1.7,mock,ICT,KEN,Africa,1
Kenya,2017,1.8,mock,ICT,KEN,Africa,1
Kenya,2018,2.0,mock,ICT,KEN,Africa,1
Kenya,2019,2.3,mock,ICT,KEN,Africa,1
Kenya,2020,2.7,mock,ICT,KEN,Africa,1
Kenya,2021,3.1,mock,ICT,KEN,Africa,1
Kenya,2022,3.6,mock,ICT,KEN,Africa,1
Kenya,2023,4.2,mock,ICT,KEN,Africa,1
Kenya,2024,4.7,mock,ICT,KEN,Africa,1
Kenya,2025,5.5,mock,ICT,KEN,Africa,1
Kenya,2026,6.3,mock,ICT,KEN,Africa,1
France,2016,1.5,mock,Professional services,FRA,EU27,1
France,2017,1.6,mock,Professional services,FRA,EU27,1
France,2018,1.8,mock,Professional services,FRA,EU27,1
France,2019,1.9,mock,Professional services,FRA,EU27,1
France,2020,2.1,mock,Professional services,FRA,EU27,1
France,2021,2.3,mock,Professional services,FRA,EU27,1
France,2022,2.5,mock,Professional services,FRA,EU27,1
France,2023,2.9,mock,Professional services,FRA,EU27,1
France,2024,3.2,mock,Professional services,FRA,EU27,1
France,2025,3.7,mock,Professional services,FRA,EU27,1
France,2026,4.2,mock,Professional services,FRA,EU27,1
Germany,2016,1.5,mock,Professional services,DEU,EU27,1
Germany,2017,1.6,mock,Professional services,DEU,EU27,1
Germany,2018,1.9,mock,Professional services,DEU,EU27,1
Germany,2019,2.0,mock,Professional services,DEU,EU27,1
Germany,2020,2.2,mock,Professional services,DEU,EU27,1
Germany,2021,2.4,mock,Professional services,DEU,EU27,1
Germany,2022,2.6,mock,Professional services,DEU,EU27,1
Germany,2023,3.0,mock,Professional services,DEU,EU27,1
Germany,2024,3.2,mock,Professional services,DEU,EU27,1
Germany,2025,3.5,mock,Professional services,DEU,EU27,1
Germany,2026,3.9,mock,Professional services,DEU,EU27,1
India,2016,1.3,mock,Professional services,IND,Asia-Pacific,1
India,2017,1.6,mock,Professional services,IND,Asia-Pacific,1
India,2018,2.0,mock,Professional services,IND,Asia-Pacific,1
India,2019,2.2,mock,Professional services,IND,Asia-Pacific,1
India,2020,2.5,mock,Professional services,IND,Asia-Pacific,1
India,2021,2.9,mock,Professional services,IND,Asia-Pacific,1
India,2022,3.3,mock,Professional services,IND,Asia-Pacific,1
India,2023,3.8,mock,Professional services,IND,Asia-Pacific,1
India,2024,4.3,mock,Professional services,IND,Asia-Pacific,1
India,2025,4.9,mock,Professional services,IND,Asia-Pacific,1
India,2026,5.5,mock,Professional services,IND,Asia-Pacific,1
United Kingdom,2016,2.5,mock,Professional services,GBR,Europe (non-EU),1
United Kingdom,2017,2.6,mock,Professional services,GBR,Europe (non-EU),1
United Kingdom,2018,2.7,mock,Professional services,GBR,Europe (non-EU),1
United Kingdom,2019,3.0,mock,Professional services,GBR,Europe (non-EU),1
United Kingdom,2020,3.1,mock,Professional services,GBR,Europe (non-EU),1
United Kingdom,2021,3.3,mock,Professional services,GBR,Europe (non-EU),1
United Kingdom,2022,3.5,mock,Professional services,GBR,Europe (non-EU),1
United Kingdom,2023,3.8,mock,Professional services,GBR,Europe (non-EU),1
United Kingdom,2024,4.1,mock,Professional services,GBR,Europe (non-EU),1
United Kingdom,2025,4.3,mock,Professional services,GBR,Europe (non-EU),1
United Kingdom,2026,4.8,mock,Professional services,GBR,Europe (non-EU),1
United States,2016,1.4,mock,Professional services,USA,Americas,1
United States,2017,1.7,mock,Professional services,USA,Americas,1
United States,2018,2.1,mock,Professional services,USA,Americas,1
United States,2019,2.4,mock,Professional services,USA,Americas,1
United States,2020,2.8,mock,Professional services,USA,Americas,1
United States,2021,3.3,mock,Professional services,USA,Americas,1
United States,2022,3.7,mock,Professional services,USA,Americas,1
United States,2023,4.1,mock,Professional services,USA,Americas,1
United States,2024,4.7,mock,Professional services,USA,Americas,1
United States,2025,5.2,mock,Professional services,USA,Americas,1
United States,2026,5.9,mock,Professional services,USA,Americas,1
Spain,2016,1.7,mock,Professional services,ESP,EU27,1
Spain,2017,1.9,mock,Professional services,ESP,EU27,1
Spain,2018,2.0,mock,Professional services,ESP,EU27,1
Spain,2019,2.2,mock,Professional services,ESP,EU27,1
Spain,2020,2.5,mock,Professional services,ESP,EU27,1
Spain,2021,2.8,mock,Professional services,ESP,EU27,1
Spain,2022,3.2,mock,Professional services,ESP,EU27,1
Spain,2023,3.6,mock,Professional services,ESP,EU27,1
Spain,2024,4.1,mock,Professional services,ESP,EU27,1
Spain,2025,4.7,mock,Professional services,ESP,EU27,1
Spain,2026,5.4,mock,Professional services,ESP,EU27,1
Italy,2016,2.1,mock,Professional services,ITA,EU27,1
Italy,2017,2.2,mock,Professional services,ITA,EU27,1
Italy,2018,2.4,mock,Professional services,ITA,EU27,1
Italy,2019,2.6,mock,Professional services,ITA,EU27,1
Italy,2020,2.7,mock,Professional services,ITA,EU27,1
Italy,2021,2.8,mock,Professional services,ITA,EU27,1
Italy,2022,3.0,mock,Professional services,ITA,EU27,1
Italy,2023,3.2,mock,Professional services,ITA,EU27,1
Italy,2024,3.4,mock,Professional services,ITA,EU27,1
Italy,2025,3.5,mock,Professional services,ITA,EU27,1
Italy,2026,3.8,mock,Professional services,ITA,EU27,1
Netherlands,2016,2.6,mock,Professional services,NLD,EU27,1
Netherlands,2017,2.8,mock,Professional services,NLD,EU27,1
Netherlands,2018,3.0,mock,Professional services,NLD,EU27,1
Netherlands,2019,3.3,mock,Professional services,NLD,EU27,1
Netherlands,2020,3.6,mock,Professional services,NLD,EU27,1
Netherlands,2021,3.8,mock,Professional services,NLD,EU27,1
Netherlands,2022,4.1,mock,Professional services,NLD,EU27,1
Netherlands,2023,4.5,mock,Professional services,NLD,EU27,1
Netherlands,2024,4.8,mock,Professional services,NLD,EU27,1
Netherlands,2025,5.2,mock,Professional services,NLD,EU27,1
Netherlands,2026,5.6,mock,Professional services,NLD,EU27,1
Belgium,2016,2.9,mock,Professional services,BEL,EU27,1
Belgium,2017,3.2,mock,Professional services,BEL,EU27,1
Belgium,2018,3.4,mock,Professional services,BEL,EU27,1
Belgium,2019,3.7,mock,Professional services,BEL,EU27,1
Belgium,2020,4.0,mock,Professional services,BEL,EU27,1
Belgium,2021,4.3,mock,Professional services,BEL,EU27,1
Belgium,2022,4.6,mock,Professional services,BEL,EU27,1
Belgium,2023,4.9,mock,Professional services,BEL,EU27,1
Belgium,2024,5.3,mock,Professional services,BEL,EU27,1
Belgium,2025,5.7,mock,Professional services,BEL,EU27,1
Belgium,2026,6.1,mock,Professional services,BEL,EU27,1
Sweden,2016,2.5,mock,Professional services,SWE,EU27,1
Sweden,2017,2.8,mock,Professional services,SWE,EU27,1
Sweden,2018,3.1,mock,Professional services,SWE,EU27,1
Sweden,2019,3.3,mock,Professional services,SWE,EU27,1
Sweden,2020,3.7,mock,Professional services,SWE,EU27,1
Sweden,2021,4.0,mock,Professional services,SWE,EU27,1
Sweden,2022,4.4,mock,Professional services,SWE,EU27,1
Sweden,2023,4.9,mock,Professional services,SWE,EU27,1
Sweden,2024,5.4,mock,Professional services,SWE,EU27,1
Sweden,2025,5.9,mock,Professional services,SWE,EU27,1
Sweden,2026,6.5,mock,Professional services,SWE,EU27,1
Poland,2016,0.6,mock,Professional services,POL,EU27,1
Poland,2017,0.6,mock,Professional services,POL,EU27,1
Poland,2018,0.8,mock,Professional services,POL,EU27,1
Poland,2019,0.9,mock,Professional services,POL,EU27,1
Poland,2020,0.9,mock,Professional services,POL,EU27,1
Poland,2021,1.0,mock,Professional services,POL,EU27,1
Poland,2022,1.2,mock,Professional services,POL,EU27,1
Poland,2023,1.3,mock,Professional services,POL,EU27,1
Poland,2024,1.5,mock,Professional services,POL,EU27,1
Poland,2025,1.7,mock,Professional services,POL,EU27,1
Poland,2026,1.8,mock,Professional services,POL,EU27,1
Ireland,2016,1.1,mock,Professional services,IRL,EU27,1
Ireland,2017,1.1,mock,Professional services,IRL,EU27,1
Ireland,2018,1.3,mock,Professional services,IRL,EU27,1
Ireland,2019,1.3,mock,Professional services,IRL,EU27,1
Ireland,2020,1.4,mock,Professional services,IRL,EU27,1
Ireland,2021,1.6,mock,Professional services,IRL,EU27,1
Ireland,2022,1.6,mock,Professional services,IRL,EU27,1
Ireland,2023,1.7,mock,Professional services,IRL,EU27,1
Ireland,2024,2.0,mock,Professional services,IRL,EU27,1
Ireland,2025,2.1,mock,Professional services,IRL,EU27,1
Ireland,2026,2.4,mock,Professional services,IRL,EU27,1
Portugal,2016,1.7,mock,Professional services,PRT,EU27,1
Portugal,2017,1.7,mock,Professional services,PRT,EU27,1
Portugal,2018,1.8,mock,Professional services,PRT,EU27,1
Portugal,2019,2.0,mock,Professional services,PRT,EU27,1
Portugal,2020,2.2,mock,Professional services,PRT,EU27,1
Portugal,2021,2.3,mock,Professional services,PRT,EU27,1
Portugal,2022,2.6,mock,Professional services,PRT,EU27,1
Portugal,2023,2.8,mock,Professional services,PRT,EU27,1
Portugal,2024,3.1,mock,Professional services,PRT,EU27,1
Portugal,2025,3.5,mock,Professional services,PRT,EU27,1
Portugal,2026,3.9,mock,Professional services,PRT,EU27,1
Denmark,2016,1.7,mock,Professional services,DNK,EU27,1
Denmark,2017,1.8,mock,Professional services,DNK,EU27,1
Denmark,2018,1.9,mock,Professional services,DNK,EU27,1
Denmark,2019,2.1,mock,Professional services,DNK,EU27,1
Denmark,2020,2.2,mock,Professional services,DNK,EU27,1
Denmark,2021,2.2,mock,Professional services,DNK,EU27,1
Denmark,2022,2.4,mock,Professional services,DNK,EU27,1
Denmark,2023,2.7,mock,Professional services,DNK,EU27,1
Denmark,2024,2.9,mock,Professional services,DNK,EU27,1
Denmark,2025,3.0,mock,Professional services,DNK,EU27,1
Denmark,2026,3.4,mock,Professional services,DNK,EU27,1
Austria,2016,1.9,mock,Professional services,AUT,EU27,1
Austria,2017,2.1,mock,Professional services,AUT,EU27,1
Austria,2018,2.4,mock,Professional services,AUT,EU27,1
Austria,2019,2.6,mock,Professional services,AUT,EU27,1
Austria,2020,3.0,mock,Professional services,AUT,EU27,1
Austria,2021,3.4,mock,Professional services,AUT,EU27,1
Austria,2022,3.8,mock,Professional services,AUT,EU27,1
Austria,2023,4.3,mock,Professional services,AUT,EU27,1
Austria,2024,5.0,mock,Professional services,AUT,EU27,1
Austria,2025,5.8,mock,Professional services,AUT,EU27,1
Austria,2026,6.7,mock,Professional services,AUT,EU27,1
Finland,2016,2.6,mock,Professional services,FIN,EU27,1
Finland,2017,2.7,mock,Professional services,FIN,EU27,1
Finland,2018,2.8,mock,Professional services,FIN,EU27,1
Finland,2019,3.0,mock,Professional services,FIN,EU27,1
Finland,2020,3.0,mock,Professional services,FIN,EU27,1
Finland,2021,3.3,mock,Professional services,FIN,EU27,1
Finland,2022,3.5,mock,Professional services,FIN,EU27,1
Finland,2023,3.8,mock,Professional services,FIN,EU27,1
Finland,2024,4.1,mock,Professional services,FIN,EU27,1
Finland,2025,4.5,mock,Professional services,FIN,EU27,1
Finland,2026,5.0,mock,Professional services,FIN,EU27,1
Czechia,2016,1.1,mock,Professional services,CZE,EU27,1
Czechia,2017,1.3,mock,Professional services,CZE,EU27,1
Czechia,2018,1.4,mock,Professional services,CZE,EU27,1
Czechia,2019,1.6,mock,Professional services,CZE,EU27,1
Czechia,2020,1.9,mock,Professional services,CZE,EU27,1
Czechia,2021,2.1,mock,Professional services,CZE,EU27,1
Czechia,2022,2.3,mock,Professional services,CZE,EU27,1
Czechia,2023,2.6,mock,Professional services,CZE,EU27,1
Czechia,2024,2.8,mock,Professional services,CZE,EU27,1
Czechia,2025,3.2,mock,Professional services,CZE,EU27,1
Czechia,2026,3.5,mock,Professional services,CZE,EU27,1
Romania,2016,2.2,mock,Professional services,ROU,EU27,1
Romania,2017,2.3,mock,Professional services,ROU,EU27,1
Romania,2018,2.5,mock,Professional services,ROU,EU27,1
Romania,2019,2.5,mock,Professional services,ROU,EU27,1
Romania,2020,2.7,mock,Professional services,ROU,EU27,1
Romania,2021,2.8,mock,Professional services,ROU,EU27,1
Romania,2022,2.9,mock,Professional services,ROU,EU27,1
Romania,2023,3.1,mock,Professional services,ROU,EU27,1
Romania,2024,3.2,mock,Professional services,ROU,EU27,1
Romania,2025,3.4,mock,Professional services,ROU,EU27,1
Romania,2026,3.6,mock,Professional services,ROU,EU27,1
Greece,2016,1.2,mock,Professional services,GRC,EU27,1
Greece,2017,1.3,mock,Professional services,GRC,EU27,1
Greece,2018,1.4,mock,Professional services,GRC,EU27,1
Greece,2019,1.5,mock,Professional services,GRC,EU27,1
Greece,2020,1.6,mock,Professional services,GRC,EU27,1
Greece,2021,1.7,mock,Professional services,GRC,EU27,1
Greece,2022,1.9,mock,Professional services,GRC,EU27,1
Greece,2023,2.0,mock,Professional services,GRC,EU27,1
Greece,2024,2.2,mock,Professional services,GRC,EU27,1
Greece,2025,2.5,mock,Professional services,GRC,EU27,1
Greece,2026,2.7,mock,Professional services,GRC,EU27,1
Hungary,2016,1.3,mock,Professional services,HUN,EU27,1
Hungary,2017,1.3,mock,Professional services,HUN,EU27,1
Hungary,2018,1.4,mock,Professional services,HUN,EU27,1
Hungary,2019,1.4,mock,Professional services,HUN,EU27,1
Hungary,2020,1.5,mock,Professional services,HUN,EU27,1
Hungary,2021,1.6,mock,Professional services,HUN,EU27,1
Hungary,2022,1.7,mock,Professional services,HUN,EU27,1
Hungary,2023,1.9,mock,Professional services,HUN,EU27,1
Hungary,2024,2.0,mock,Professional services,HUN,EU27,1
Hungary,2025,2.2,mock,Professional services,HUN,EU27,1
Hungary,2026,2.4,mock,Professional services,HUN,EU27,1
Bulgaria,2016,0.5,mock,Professional services,BGR,EU27,1
Bulgaria,2017,0.7,mock,Professional services,BGR,EU27,1
Bulgaria,2018,0.9,mock,Professional services,BGR,EU27,1
Bulgaria,2019,1.0,mock,Professional services,BGR,EU27,1
Bulgaria,2020,1.3,mock,Professional services,BGR,EU27,1
Bulgaria,2021,1.6,mock,Professional services,BGR,EU27,1
Bulgaria,2022,1.9,mock,Professional services,BGR,EU27,1
Bulgaria,2023,2.2,mock,Professional services,BGR,EU27,1
Bulgaria,2024,2.5,mock,Professional services,BGR,EU27,1
Bulgaria,2025,2.8,mock,Professional services,BGR,EU27,1
Bulgaria,2026,3.3,mock,Professional services,BGR,EU27,1
Croatia,2016,1.5,mock,Professional services,HRV,EU27,1
Croatia,2017,1.8,mock,Professional services,HRV,EU27,1
Croatia,2018,2.0,mock,Professional services,HRV,EU27,1
Croatia,2019,2.3,mock,Professional services,HRV,EU27,1
Croatia,2020,2.7,mock,Professional services,HRV,EU27,1
Croatia,2021,3.0,mock,Professional services,HRV,EU27,1
Croatia,2022,3.3,mock,Professional services,HRV,EU27,1
Croatia,2023,3.8,mock,Professional services,HRV,EU27,1
Croatia,2024,4.1,mock,Professional services,HRV,EU27,1
Croatia,2025,4.7,mock,Professional services,HRV,EU27,1
Croatia,2026,5.2,mock,Professional services,HRV,EU27,1
Slovakia,2016,2.7,mock,Professional services,SVK,EU27,1
Slovakia,2017,2.9,mock,Professional services,SVK,EU27,1
Slovakia,2018,3.1,mock,Professional services,SVK,EU27,1
Slovakia,2019,3.4,mock,Professional services,SVK,EU27,1
Slovakia,2020,3.8,mock,Professional services,SVK,EU27,1
Slovakia,2021,4.0,mock,Professional services,SVK,EU27,1
Slovakia,2022,4.4,mock,Professional services,SVK,EU27,1
Slovakia,2023,4.9,mock,Professional services,SVK,EU27,1
Slovakia,2024,5.4,mock,Professional services,SVK,EU27,1
Slovakia,2025,5.9,mock,Professional services,SVK,EU27,1
Slovakia,2026,6.6,mock,Professional services,SVK,EU27,1
Lithuania,2016,1.5,mock,Professional services,LTU,EU27,1
Lithuania,2017,1.6,mock,Professional services,LTU,EU27,1
Lithuania,2018,1.7,mock,Professional services,LTU,EU27,1
Lithuania,2019,1.8,mock,Professional services,LTU,EU27,1
Lithuania,2020,2.0,mock,Professional services,LTU,EU27,1
Lithuania,2021,2.1,mock,Professional services,LTU,EU27,1
Lithuania,2022,2.3,mock,Professional services,LTU,EU27,1
Lithuania,2023,2.5,mock,Professional services,LTU,EU27,1
Lithuania,2024,2.8,mock,Professional services,LTU,EU27,1
Lithuania,2025,3.1,mock,Professional services,LTU,EU27,1
Lithuania,2026,3.4,mock,Professional services,LTU,EU27,1
Estonia,2016,1.6,mock,Professional services,EST,EU27,1
Estonia,2017,1.6,mock,Professional services,EST,EU27,1
Estonia,2018,1.6,mock,Professional services,EST,EU27,1
Estonia,2019,1.8,mock,Professional services,EST,EU27,1
Estonia,2020,1.9,mock,Professional services,EST,EU27,1
Estonia,2021,1.9,mock,Professional services,EST,EU27,1
Estonia,2022,2.0,mock,Professional services,EST,EU27,1
Estonia,2023,2.1,mock,Professional services,EST,EU27,1
Estonia,2024,2.3,mock,Professional services,EST,EU27,1
Estonia,2025,2.4,mock,Professional services,EST,EU27,1
Estonia,2026,2.5,mock,Professional services,EST,EU27,1
Switzerland,2016,3.8,mock,Professional services,CHE,Europe (non-EU),1
Switzerland,2017,3.9,mock,Professional services,CHE,Europe (non-EU),1
Switzerland,2018,4.0,mock,Professional services,CHE,Europe (non-EU),1
Switzerland,2019,4.2,mock,Professional services,CHE,Europe (non-EU),1
Switzerland,2020,4.3,mock,Professional services,CHE,Europe (non-EU),1
Switzerland,2021,4.4,mock,Professional services,CHE,Europe (non-EU),1
Switzerland,2022,4.6,mock,Professional services,CHE,Europe (non-EU),1
Switzerland,2023,4.8,mock,Professional services,CHE,Europe (non-EU),1
Switzerland,2024,5.0,mock,Professional services,CHE,Europe (non-EU),1
Switzerland,2025,5.3,mock,Professional services,CHE,Europe (non-EU),1
Switzerland,2026,5.5,mock,Professional services,CHE,Europe (non-EU),1
Norway,2016,1.3,mock,Professional services,NOR,Europe (non-EU),1
Norway,2017,1.5,mock,Professional services,NOR,Europe (non-EU),1
Norway,2018,1.8,mock,Professional services,NOR,Europe (non-EU),1
Norway,2019,2.1,mock,Professional services,NOR,Europe (non-EU),1
Norway,2020,2.5,mock,Professional services,NOR,Europe (non-EU),1
Norway,2021,2.9,mock,Professional services,NOR,Europe (non-EU),1
Norway,2022,3.5,mock,Professional services,NOR,Europe (non-EU),1
Norway,2023,4.0,mock,Professional services,NOR,Europe (non-EU),1
Norway,2024,4.6,mock,Professional services,NOR,Europe (non-EU),1
Norway,2025,5.4,mock,Professional services,NOR,Europe (non-EU),1
Norway,2026,6.3,mock,Professional services,NOR,Europe (non-EU),1
Turkey,2016,1.8,mock,Professional services,TUR,Europe (non-EU),1
Turkey,2017,2.1,mock,Professional services,TUR,Europe (non-EU),1
Turkey,2018,2.4,mock,Professional services,TUR,Europe (non-EU),1
Turkey,2019,2.5,mock,Professional services,TUR,Europe (non-EU),1
Turkey,2020,2.9,mock,Professional services,TUR,Europe (non-EU),1
Turkey,2021,3.3,mock,Professional services,TUR,Europe (non-EU),1
Turkey,2022,3.6,mock,Professional services,TUR,Europe (non-EU),1
Turkey,2023,4.0,mock,Professional services,TUR,Europe (non-EU),1
Turkey,2024,4.5,mock,Professional services,TUR,Europe (non-EU),1
Turkey,2025,5.0,mock,Professional services,TUR,Europe (non-EU),1
Turkey,2026,5.5,mock,Professional services,TUR,Europe (non-EU),1
Canada,2016,2.4,mock,Professional services,CAN,Americas,1
Canada,2017,2.7,mock,Professional services,CAN,Americas,1
Canada,2018,2.9,mock,Professional services,CAN,Americas,1
Canada,2019,3.1,mock,Professional services,CAN,Americas,1
Canada,2020,3.4,mock,Professional services,CAN,Americas,1
Canada,2021,3.7,mock,Professional services,CAN,Americas,1
Canada,2022,4.1,mock,Professional services,CAN,Americas,1
Canada,2023,4.5,mock,Professional services,CAN,Americas,1
Canada,2024,4.9,mock,Professional services,CAN,Americas,1
Canada,2025,5.4,mock,Professional services,CAN,Americas,1
Canada,2026,5.9,mock,Professional services,CAN,Americas,1
Mexico,2016,2.9,mock,Professional services,MEX,Americas,1
Mexico,2017,3.0,mock,Professional services,MEX,Americas,1
Mexico,2018,3.1,mock,Professional services,MEX,Americas,1
Mexico,2019,3.3,mock,Professional services,MEX,Americas,1
Mexico,2020,3.5,mock,Professional services,MEX,Americas,1
Mexico,2021,3.7,mock,Professional services,MEX,Americas,1
Mexico,2022,3.9,mock,Professional services,MEX,Americas,1
Mexico,2023,4.1,mock,Professional services,MEX,Americas,1
Mexico,2024,4.5,mock,Professional services,MEX,Americas,1
Mexico,2025,4.9,mock,Professional services,MEX,Americas,1
Mexico,2026,5.4,mock,Professional services,MEX,Americas,1
Brazil,2016,1.6,mock,Professional services,BRA,Americas,1
Brazil,2017,1.7,mock,Professional services,BRA,Americas,1
Brazil,2018,1.9,mock,Professional services,BRA,Americas,1
Brazil,2019,2.0,mock,Professional services,BRA,Americas,1
Brazil,2020,2.2,mock,Professional services,BRA,Americas,1
Brazil,2021,2.4,mock,Professional services,BRA,Americas,1
Brazil,2022,2.6,mock,Professional services,BRA,Americas,1
Brazil,2023,2.9,mock,Professional services,BRA,Americas,1
Brazil,2024,3.1,mock,Professional services,BRA,Americas,1
Brazil,2025,3.4,mock,Professional services,BRA,Americas,1
Brazil,2026,3.8,mock,Professional services,BRA,Americas,1
Argentina,2016,1.6,mock,Professional services,ARG,Americas,1
Argentina,2017,2.0,mock,Professional services,ARG,Americas,1
Argentina,2018,2.3,mock,Professional services,ARG,Americas,1
Argentina,2019,2.5,mock,Professional services,ARG,Americas,1
Argentina,2020,2.8,mock,Professional services,ARG,Americas,1
Argentina,2021,3.2,mock,Professional services,ARG,Americas,1
Argentina,2022,3.7,mock,Professional services,ARG,Americas,1
Argentina,2023,4.0,mock,Professional services,ARG,Americas,1
Argentina,2024,4.5,mock,Professional services,ARG,Americas,1
Argentina,2025,5.0,mock,Professional services,ARG,Americas,1
Argentina,2026,5.6,mock,Professional services,ARG,Americas,1
Chile,2016,1.6,mock,Professional services,CHL,Americas,1
Chile,2017,1.8,mock,Professional services,CHL,Americas,1
Chile,2018,2.0,mock,Professional services,CHL,Americas,1
Chile,2019,2.1,mock,Professional services,CHL,Americas,1
Chile,2020,2.3,mock,Professional services,CHL,Americas,1
Chile,2021,2.6,mock,Professional services,CHL,Americas,1
Chile,2022,2.8,mock,Professional services,CHL,Americas,1
Chile,2023,3.1,mock,Professional services,CHL,Americas,1
Chile,2024,3.4,mock,Professional services,CHL,Americas,1
Chile,2025,3.9,mock,Professional services,CHL,Americas,1
Chile,2026,4.2,mock,Professional services,CHL,Americas,1
Colombia,2016,2.0,mock,Professional services,COL,Americas,1
Colombia,2017,2.3,mock,Professional services,COL,Americas,1
Colombia,2018,2.3,mock,Professional services,COL,Americas,1
Colombia,2019,2.7,mock,Professional services,COL,Americas,1
Colombia,2020,2.9,mock,Professional services,COL,Americas,1
Colombia,2021,3.2,mock,Professional services,COL,Americas,1
Colombia,2022,3.5,mock,Professional services,COL,Americas,1
Colombia,2023,3.9,mock,Professional services,COL,Americas,1
Colombia,2024,4.3,mock,Professional services,COL,Americas,1
Colombia,2025,4.8,mock,Professional services,COL,Americas,1
Colombia,2026,5.2,mock,Professional services,COL,Americas,1
Peru,2016,0.7,mock,Professional services,PER,Americas,1
Peru,2017,0.8,mock,Professional services,PER,Americas,1
Peru,2018,0.8,mock,Professional services,PER,Americas,1
Peru,2019,1.1,mock,Professional services,PER,Americas,1
Peru,2020,1.2,mock,Professional services,PER,Americas,1
Peru,2021,1.4,mock,Professional services,PER,Americas,1
Peru,2022,1.6,mock,Professional services,PER,Americas,1
Peru,2023,1.8,mock,Professional services,PER,Americas,1
Peru,2024,1.9,mock,Professional services,PER,Americas,1
Peru,2025,2.2,mock,Professional services,PER,Americas,1
Peru,2026,2.4,mock,Professional services,PER,Americas,1
Australia,2016,1.4,mock,Professional services,AUS,Asia-Pacific,1
Australia,2017,1.6,mock,Professional services,AUS,Asia-Pacific,1
Australia,2018,1.8,mock,Professional services,AUS,Asia-Pacific,1
Australia,2019,2.1,mock,Professional services,AUS,Asia-Pacific,1
Australia,2020,2.3,mock,Professional services,AUS,Asia-Pacific,1
Australia,2021,2.6,mock,Professional services,AUS,Asia-Pacific,1
Australia,2022,2.9,mock,Professional services,AUS,Asia-Pacific,1
Australia,2023,3.2,mock,Professional services,AUS,Asia-Pacific,1
Australia,2024,3.4,mock,Professional services,AUS,Asia-Pacific,1
Australia,2025,3.8,mock,Professional services,AUS,Asia-Pacific,1
Australia,2026,4.2,mock,Professional services,AUS,Asia-Pacific,1
New Zealand,2016,1.4,mock,Professional services,NZL,Asia-Pacific,1
New Zealand,2017,1.5,mock,Professional services,NZL,Asia-Pacific,1
New Zealand,2018,1.6,mock,Professional services,NZL,Asia-Pacific,1
New Zealand,2019,1.8,mock,Professional services,NZL,Asia-Pacific,1
New Zealand,2020,1.9,mock,Professional services,NZL,Asia-Pacific,1
New Zealand,2021,2.0,mock,Professional services,NZL,Asia-Pacific,1
New Zealand,2022,2.2,mock,Professional services,NZL,Asia-Pacific,1
New Zealand,2023,2.3,mock,Professional services,NZL,Asia-Pacific,1
New Zealand,2024,2.5,mock,Professional services,NZL,Asia-Pacific,1
New Zealand,2025,2.7,mock,Professional services,NZL,Asia-Pacific,1
New Zealand,2026,2.9,mock,Professional services,NZL,Asia-Pacific,1
Japan,2016,2.9,mock,Professional services,JPN,Asia-Pacific,1
Japan,2017,3.0,mock,Professional services,JPN,Asia-Pacific,1
Japan,2018,3.2,mock,Professional services,JPN,Asia-Pacific,1
Japan,2019,3.4,mock,Professional services,JPN,Asia-Pacific,1
Japan,2020,3.7,mock,Professional services,JPN,Asia-Pacific,1
Japan,2021,3.9,mock,Professional services,JPN,Asia-Pacific,1
Japan,2022,4.1,mock,Professional services,JPN,Asia-Pacific,1
Japan,2023,4.4,mock,Professional services,JPN,Asia-Pacific,1
Japan,2024,4.8,mock,Professional services,JPN,Asia-Pacific,1
Japan,2025,5.1,mock,Professional services,JPN,Asia-Pacific,1
Japan,2026,5.5,mock,Professional services,JPN,Asia-Pacific,1
Singapore,2016,3.0,mock,Professional services,SGP,Asia-Pacific,1
Singapore,2017,3.1,mock,Professional services,SGP,Asia-Pacific,1
Singapore,2018,3.2,mock,Professional services,SGP,Asia-Pacific,1
Singapore,2019,3.3,mock,Professional services,SGP,Asia-Pacific,1
Singapore,2020,3.4,mock,Professional services,SGP,Asia-Pacific,1
Singapore,2021,3.6,mock,Professional services,SGP,Asia-Pacific,1
Singapore,2022,3.8,mock,Professional services,SGP,Asia-Pacific,1
Singapore,2023,4.0,mock,Professional services,SGP,Asia-Pacific,1
Singapore,2024,4.2,mock,Professional services,SGP,Asia-Pacific,1
Singapore,2025,4.5,mock,Professional services,SGP,Asia-Pacific,1
Singapore,2026,4.8,mock,Professional services,SGP,Asia-Pacific,1
Indonesia,2016,1.3,mock,Professional services,IDN,Asia-Pacific,1
Indonesia,2017,1.3,mock,Professional services,IDN,Asia-Pacific,1
Indonesia,2018,1.3,mock,Professional services,IDN,Asia-Pacific,1
Indonesia,2019,1.5,mock,Professional services,IDN,Asia-Pacific,1
Indonesia,2020,1.5,mock,Professional services,IDN,Asia-Pacific,1
Indonesia,2021,1.6,mock,Professional services,IDN,Asia-Pacific,1
Indonesia,2022,1.7,mock,Professional services,IDN,Asia-Pacific,1
Indonesia,2023,1.8,mock,Professional services,IDN,Asia-Pacific,1
Indonesia,2024,1.9,mock,Professional services,IDN,Asia-Pacific,1
Indonesia,2025,2.0,mock,Professional services,IDN,Asia-Pacific,1
Indonesia,2026,2.2,mock,Professional services,IDN,Asia-Pacific,1
Philippines,2016,1.4,mock,Professional services,PHL,Asia-Pacific,1
Philippines,2017,1.5,mock,Professional services,PHL,Asia-Pacific,1
Philippines,2018,1.6,mock,Professional services,PHL,Asia-Pacific,1
Philippines,2019,1.6,mock,Professional services,PHL,Asia-Pacific,1
Philippines,2020,1.6,mock,Professional services,PHL,Asia-Pacific,1
Philippines,2021,1.8,mock,Professional services,PHL,Asia-Pacific,1
Philippines,2022,1.8,mock,Professional services,PHL,Asia-Pacific,1
Philippines,2023,1.9,mock,Professional services,PHL,Asia-Pacific,1
Philippines,2024,2.0,mock,Professional services,PHL,Asia-Pacific,1
Philippines,2025,2.1,mock,Professional services,PHL,Asia-Pacific,1
Philippines,2026,2.3,mock,Professional services,PHL,Asia-Pacific,1
Malaysia,2016,1.0,mock,Professional services,MYS,Asia-Pacific,1
Malaysia,2017,1.2,mock,Professional services,MYS,Asia-Pacific,1
Malaysia,2018,1.4,mock,Professional services,MYS,Asia-Pacific,1
Malaysia,2019,1.4,mock,Professional services,MYS,Asia-Pacific,1
Malaysia,2020,1.6,mock,Professional services,MYS,Asia-Pacific,1
Malaysia,2021,1.7,mock,Professional services,MYS,Asia-Pacific,1
Malaysia,2022,1.9,mock,Professional services,MYS,Asia-Pacific,1
Malaysia,2023,2.1,mock,Professional services,MYS,Asia-Pacific,1
Malaysia,2024,2.3,mock,Professional services,MYS,Asia-Pacific,1
Malaysia,2025,2.5,mock,Professional services,MYS,Asia-Pacific,1
Malaysia,2026,2.7,mock,Professional services,MYS,Asia-Pacific,1
United Arab Emirates,2016,1.8,mock,Professional services,ARE,Middle East,1
United Arab Emirates,2017,2.0,mock,Professional services,ARE,Middle East,1
United Arab Emirates,2018,2.2,mock,Professional services,ARE,Middle East,1
United Arab Emirates,2019,2.4,mock,Professional services,ARE,Middle East,1
United Arab Emirates,2020,2.7,mock,Professional services,ARE,Middle East,1
United Arab Emirates,2021,3.0,mock,Professional services,ARE,Middle East,1
United Arab Emirates,2022,3.3,mock,Professional services,ARE,Middle East,1
United Arab Emirates,2023,3.6,mock,Professional services,ARE,Middle East,1
United Arab Emirates,2024,4.0,mock,Professional services,ARE,Middle East,1
United Arab Emirates,2025,4.3,mock,Professional services,ARE,Middle East,1
United Arab Emirates,2026,4.8,mock,Professional services,ARE,Middle East,1
Saudi Arabia,2016,1.2,mock,Professional services,SAU,Middle East,1
Saudi Arabia,2017,1.4,mock,Professional services,SAU,Middle East,1
Saudi Arabia,2018,1.5,mock,Professional services,SAU,Middle East,1
Saudi Arabia,2019,1.7,mock,Professional services,SAU,Middle East,1
Saudi Arabia,2020,1.9,mock,Professional services,SAU,Middle East,1
Saudi Arabia,2021,2.0,mock,Professional services,SAU,Middle East,1
Saudi Arabia,2022,2.2,mock,Professional services,SAU,Middle East,1
Saudi Arabia,2023,2.4,mock,Professional services,SAU,Middle East,1
Saudi Arabia,2024,2.6,mock,Professional services,SAU,Middle East,1
Saudi Arabia,2025,2.9,mock,Professional services,SAU,Middle East,1
Saudi Arabia,2026,3.1,mock,Professional services,SAU,Middle East,1
Israel,2016,2.4,mock,Professional services,ISR,Middle East,1
Israel,2017,2.6,mock,Professional services,ISR,Middle East,1
Israel,2018,2.9,mock,Professional services,ISR,Middle East,1
Israel,2019,3.2,mock,Professional services,ISR,Middle East,1
Israel,2020,3.5,mock,Professional services,ISR,Middle East,1
Israel,2021,3.8,mock,Professional services,ISR,Middle East,1
Israel,2022,4.2,mock,Professional services,ISR,Middle East,1
Israel,2023,4.6,mock,Professional services,ISR,Middle East,1
Israel,2024,5.0,mock,Professional services,ISR,Middle East,1
Israel,2025,5.4,mock,Professional services,ISR,Middle East,1
Israel,2026,5.9,mock,Professional services,ISR,Middle East,1
Qatar,2016,1.9,mock,Professional services,QAT,Middle East,1
Qatar,2017,2.0,mock,Professional services,QAT,Middle East,1
Qatar,2018,2.3,mock,Professional services,QAT,Middle East,1
Qatar,2019,2.6,mock,Professional services,QAT,Middle East,1
Qatar,2020,2.9,mock,Professional services,QAT,Middle East,1
Qatar,2021,3.2,mock,Professional services,QAT,Middle East,1
Qatar,2022,3.5,mock,Professional services,QAT,Middle East,1
Qatar,2023,3.9,mock,Professional services,QAT,Middle East,1
Qatar,2024,4.4,mock,Professional services,QAT,Middle East,1
Qatar,2025,5.0,mock,Professional services,QAT,Middle East,1
Qatar,2026,5.6,mock,Professional services,QAT,Middle East,1
South Africa,2016,1.5,mock,Professional services,ZAF,Africa,1
South Africa,2017,1.7,mock,Professional services,ZAF,Africa,1
South Africa,2018,1.9,mock,Professional services,ZAF,Africa,1
South Africa,2019,2.2,mock,Professional services,ZAF,Africa,1
South Africa,2020,2.4,mock,Professional services,ZAF,Africa,1
South Africa,2021,2.8,mock,Professional services,ZAF,Africa,1
South Africa,2022,3.0,mock,Professional services,ZAF,Africa,1
South Africa,2023,3.4,mock,Professional services,ZAF,Africa,1
South Africa,2024,3.8,mock,Professional services,ZAF,Africa,1
South Africa,2025,4.3,mock,Professional services,ZAF,Africa,1
South Africa,2026,4.7,mock,Professional services,ZAF,Africa,1
Nigeria,2016,1.7,mock,Professional services,NGA,Africa,1
Nigeria,2017,1.8,mock,Professional services,NGA,Africa,1
Nigeria,2018,2.0,mock,Professional services,NGA,Africa,1
Nigeria,2019,2.1,mock,Professional services,NGA,Africa,1
Nigeria,2020,2.3,mock,Professional services,NGA,Africa,1
Nigeria,2021,2.5,mock,Professional services,NGA,Africa,1
Nigeria,2022,2.6,mock,Professional services,NGA,Africa,1
Nigeria,2023,2.9,mock,Professional services,NGA,Africa,1
Nigeria,2024,3.3,mock,Professional services,NGA,Africa,1
Nigeria,2025,3.6,mock,Professional services,NGA,Africa,1
Nigeria,2026,4.0,mock,Professional services,NGA,Africa,1
Egypt,2016,1.5,mock,Professional services,EGY,Africa,1
Egypt,2017,1.6,mock,Professional services,EGY,Africa,1
Egypt,2018,1.7,mock,Professional services,EGY,Africa,1
Egypt,2019,1.9,mock,Professional services,EGY,Africa,1
Egypt,2020,2.1,mock,Professional services,EGY,Africa,1
Egypt,2021,2.3,mock,Professional services,EGY,Africa,1
Egypt,2022,2.6,mock,Professional services,EGY,Africa,1
Egypt,2023,2.9,mock,Professional services,EGY,Africa,1
Egypt,2024,3.3,mock,Professional services,EGY,Africa,1
Egypt,2025,3.9,mock,Professional services,EGY,Africa,1
Egypt,2026,4.4,mock,Professional services,EGY,Africa,1
Kenya,2016,1.0,mock,Professional services,KEN,Africa,1
Kenya,2017,1.1,mock,Professional services,KEN,Africa,1
Kenya,2018,1.2,mock,Professional services,KEN,Africa,1
Kenya,2019,1.3,mock,Professional services,KEN,Africa,1
Kenya,2020,1.4,mock,Professional services,KEN,Africa,1
Kenya,2021,1.5,mock,Professional services,KEN,Africa,1
Kenya,2022,1.7,mock,Professional services,KEN,Africa,1
Kenya,2023,1.8,mock,Professional services,KEN,Africa,1
Kenya,2024,2.0,mock,Professional services,KEN,Africa,1
Kenya,2025,2.2,mock,Professional services,KEN,Africa,1
Kenya,2026,2.5,mock,Professional services,KEN,Africa,1
France,2016,0.9,mock,Manufacturing,FRA,EU27,1
France,2017,1.0,mock,Manufacturing,FRA,EU27,1
France,2018,1.1,mock,Manufacturing,FRA,EU27,1
France,2019,1.2,mock,Manufacturing,FRA,EU27,1
France,2020,1.3,mock,Manufacturing,FRA,EU27,1
France,2021,1.4,mock,Manufacturing,FRA,EU27,1
France,2022,1.5,mock,Manufacturing,FRA,EU27,1
France,2023,1.7,mock,Manufacturing,FRA,EU27,1
France,2024,1.8,mock,Manufacturing,FRA,EU27,1
France,2025,2.0,mock,Manufacturing,FRA,EU27,1
France,2026,2.3,mock,Manufacturing,FRA,EU27,1
Germany,2016,0.7,mock,Manufacturing,DEU,EU27,1
Germany,2017,0.8,mock,Manufacturing,DEU,EU27,1
Germany,2018,0.9,mock,Manufacturing,DEU,EU27,1
Germany,2019,1.0,mock,Manufacturing,DEU,EU27,1
Germany,2020,1.1,mock,Manufacturing,DEU,EU27,1
Germany,2021,1.3,mock,Manufacturing,DEU,EU27,1
Germany,2022,1.4,mock,Manufacturing,DEU,EU27,1
Germany,2023,1.6,mock,Manufacturing,DEU,EU27,1
Germany,2024,1.7,mock,Manufacturing,DEU,EU27,1
Germany,2025,1.9,mock,Manufacturing,DEU,EU27,1
Germany,2026,2.1,mock,Manufacturing,DEU,EU27,1
India,2016,0.9,mock,Manufacturing,IND,Asia-Pacific,1
India,2017,1.0,mock,Manufacturing,IND,Asia-Pacific,1
India,2018,1.1,mock,Manufacturing,IND,Asia-Pacific,1
India,2019,1.2,mock,Manufacturing,IND,Asia-Pacific,1
India,2020,1.5,mock,Manufacturing,IND,Asia-Pacific,1
India,2021,1.6,mock,Manufacturing,IND,Asia-Pacific,1
India,2022,1.8,mock,Manufacturing,IND,Asia-Pacific,1
India,2023,2.0,mock,Manufacturing,IND,Asia-Pacific,1
India,2024,2.3,mock,Manufacturing,IND,Asia-Pacific,1
India,2025,2.6,mock,Manufacturing,IND,Asia-Pacific,1
India,2026,3.0,mock,Manufacturing,IND,Asia-Pacific,1
United Kingdom,2016,2.0,mock,Manufacturing,GBR,Europe (non-EU),1
United Kingdom,2017,2.1,mock,Manufacturing,GBR,Europe (non-EU),1
United Kingdom,2018,2.3,mock,Manufacturing,GBR,Europe (non-EU),1
United Kingdom,2019,2.4,mock,Manufacturing,GBR,Europe (non-EU),1
United Kingdom,2020,2.6,mock,Manufacturing,GBR,Europe (non-EU),1
United Kingdom,2021,2.7,mock,Manufacturing,GBR,Europe (non-EU),1
United Kingdom,2022,2.9,mock,Manufacturing,GBR,Europe (non-EU),1
United Kingdom,2023,3.2,mock,Manufacturing,GBR,Europe (non-EU),1
United Kingdom,2024,3.5,mock,Manufacturing,GBR,Europe (non-EU),1
United Kingdom,2025,3.8,mock,Manufacturing,GBR,Europe (non-EU),1
United Kingdom,2026,4.1,mock,Manufacturing,GBR,Europe (non-EU),1
United States,2016,1.2,mock,Manufacturing,USA,Americas,1
United States,2017,1.3,mock,Manufacturing,USA,Americas,1
United States,2018,1.4,mock,Manufacturing,USA,Americas,1
United States,2019,1.4,mock,Manufacturing,USA,Americas,1
United States,2020,1.6,mock,Manufacturing,USA,Americas,1
United States,2021,1.7,mock,Manufacturing,USA,Americas,1
United States,2022,1.8,mock,Manufacturing,USA,Americas,1
United States,2023,1.9,mock,Manufacturing,USA,Americas,1
United States,2024,2.1,mock,Manufacturing,USA,Americas,1
United States,2025,2.3,mock,Manufacturing,USA,Americas,1
United States,2026,2.5,mock,Manufacturing,USA,Americas,1
Spain,2016,1.3,mock,Manufacturing,ESP,EU27,1
Spain,2017,1.4,mock,Manufacturing,ESP,EU27,1
Spain,2018,1.5,mock,Manufacturing,ESP,EU27,1
Spain,2019,1.6,mock,Manufacturing,ESP,EU27,1
Spain,2020,1.7,mock,Manufacturing,ESP,EU27,1
Spain,2021,1.8,mock,Manufacturing,ESP,EU27,1
Spain,2022,1.9,mock,Manufacturing,ESP,EU27,1
Spain,2023,2.1,mock,Manufacturing,ESP,EU27,1
Spain,2024,2.2,mock,Manufacturing,ESP,EU27,1
Spain,2025,2.4,mock,Manufacturing,ESP,EU27,1
Spain,2026,2.6,mock,Manufacturing,ESP,EU27,1
Italy,2016,0.8,mock,Manufacturing,ITA,EU27,1
Italy,2017,0.9,mock,Manufacturing,ITA,EU27,1
Italy,2018,1.0,mock,Manufacturing,ITA,EU27,1
Italy,2019,1.2,mock,Manufacturing,ITA,EU27,1
Italy,2020,1.3,mock,Manufacturing,ITA,EU27,1
Italy,2021,1.5,mock,Manufacturing,ITA,EU27,1
Italy,2022,1.7,mock,Manufacturing,ITA,EU27,1
Italy,2023,1.8,mock,Manufacturing,ITA,EU27,1
Italy,2024,2.1,mock,Manufacturing,ITA,EU27,1
Italy,2025,2.3,mock,Manufacturing,ITA,EU27,1
Italy,2026,2.7,mock,Manufacturing,ITA,EU27,1
Netherlands,2016,1.5,mock,Manufacturing,NLD,EU27,1
Netherlands,2017,1.6,mock,Manufacturing,NLD,EU27,1
Netherlands,2018,1.8,mock,Manufacturing,NLD,EU27,1
Netherlands,2019,1.9,mock,Manufacturing,NLD,EU27,1
Netherlands,2020,2.1,mock,Manufacturing,NLD,EU27,1
Netherlands,2021,2.3,mock,Manufacturing,NLD,EU27,1
Netherlands,2022,2.6,mock,Manufacturing,NLD,EU27,1
Netherlands,2023,2.8,mock,Manufacturing,NLD,EU27,1
Netherlands,2024,3.0,mock,Manufacturing,NLD,EU27,1
Netherlands,2025,3.3,mock,Manufacturing,NLD,EU27,1
Netherlands,2026,3.6,mock,Manufacturing,NLD,EU27,1
Belgium,2016,1.7,mock,Manufacturing,BEL,EU27,1
Belgium,2017,1.8,mock,Manufacturing,BEL,EU27,1
Belgium,2018,1.9,mock,Manufacturing,BEL,EU27,1
Belgium,2019,2.0,mock,Manufacturing,BEL,EU27,1
Belgium,2020,2.1,mock,Manufacturing,BEL,EU27,1
Belgium,2021,2.3,mock,Manufacturing,BEL,EU27,1
Belgium,2022,2.5,mock,Manufacturing,BEL,EU27,1
Belgium,2023,2.7,mock,Manufacturing,BEL,EU27,1
Belgium,2024,2.8,mock,Manufacturing,BEL,EU27,1
Belgium,2025,3.1,mock,Manufacturing,BEL,EU27,1
Belgium,2026,3.4,mock,Manufacturing,BEL,EU27,1
Sweden,2016,1.3,mock,Manufacturing,SWE,EU27,1
Sweden,2017,1.4,mock,Manufacturing,SWE,EU27,1
Sweden,2018,1.5,mock,Manufacturing,SWE,EU27,1
Sweden,2019,1.7,mock,Manufacturing,SWE,EU27,1
Sweden,2020,1.8,mock,Manufacturing,SWE,EU27,1
Sweden,2021,2.0,mock,Manufacturing,SWE,EU27,1
Sweden,2022,2.2,mock,Manufacturing,SWE,EU27,1
Sweden,2023,2.5,mock,Manufacturing,SWE,EU27,1
Sweden,2024,2.7,mock,Manufacturing,SWE,EU27,1
Sweden,2025,3.1,mock,Manufacturing,SWE,EU27,1
Sweden,2026,3.5,mock,Manufacturing,SWE,EU27,1
Poland,2016,0.6,mock,Manufacturing,POL,EU27,1
Poland,2017,0.7,mock,Manufacturing,POL,EU27,1
Poland,2018,0.7,mock,Manufacturing,POL,EU27,1
Poland,2019,0.8,mock,Manufacturing,POL,EU27,1
Poland,2020,0.9,mock,Manufacturing,POL,EU27,1
Poland,2021,1.0,mock,Manufacturing,POL,EU27,1
Poland,2022,1.1,mock,Manufacturing,POL,EU27,1
Poland,2023,1.2,mock,Manufacturing,POL,EU27,1
Poland,2024,1.4,mock,Manufacturing,POL,EU27,1
Poland,2025,1.5,mock,Manufacturing,POL,EU27,1
Poland,2026,1.7,mock,Manufacturing,POL,EU27,1
Ireland,2016,1.3,mock,Manufacturing,IRL,EU27,1
Ireland,2017,1.4,mock,Manufacturing,IRL,EU27,1
Ireland,2018,1.4,mock,Manufacturing,IRL,EU27,1
Ireland,2019,1.6,mock,Manufacturing,IRL,EU27,1
Ireland,2020,1.7,mock,Manufacturing,IRL,EU27,1
Ireland,2021,1.8,mock,Manufacturing,IRL,EU27,1
Ireland,2022,2.0,mock,Manufacturing,IRL,EU27,1
Ireland,2023,2.2,mock,Manufacturing,IRL,EU27,1
Ireland,2024,2.3,mock,Manufacturing,IRL,EU27,1
Ireland,2025,2.5,mock,Manufacturing,IRL,EU27,1
Ireland,2026,2.8,mock,Manufacturing,IRL,EU27,1
Portugal,2016,1.3,mock,Manufacturing,PRT,EU27,1
Portugal,2017,1.4,mock,Manufacturing,PRT,EU27,1
Portugal,2018,1.5,mock,Manufacturing,PRT,EU27,1
Portugal,2019,1.6,mock,Manufacturing,PRT,EU27,1
Portugal,2020,1.7,mock,Manufacturing,PRT,EU27,1
Portugal,2021,1.9,mock,Manufacturing,PRT,EU27,1
Portugal,2022,2.1,mock,Manufacturing,PRT,EU27,1
Portugal,2023,2.3,mock,Manufacturing,PRT,EU27,1
Portugal,2024,2.5,mock,Manufacturing,PRT,EU27,1
Portugal,2025,2.8,mock,Manufacturing,PRT,EU27,1
Portugal,2026,3.1,mock,Manufacturing,PRT,EU27,1
Denmark,2016,0.8,mock,Manufacturing,DNK,EU27,1
Denmark,2017,0.9,mock,Manufacturing,DNK,EU27,1
Denmark,2018,1.0,mock,Manufacturing,DNK,EU27,1
Denmark,2019,1.0,mock,Manufacturing,DNK,EU27,1
Denmark,2020,1.2,mock,Manufacturing,DNK,EU27,1
Denmark,2021,1.3,mock,Manufacturing,DNK,EU27,1
Denmark,2022,1.4,mock,Manufacturing,DNK,EU27,1
Denmark,2023,1.5,mock,Manufacturing,DNK,EU27,1
Denmark,2024,1.7,mock,Manufacturing,DNK,EU27,1
Denmark,2025,1.9,mock,Manufacturing,DNK,EU27,1
Denmark,2026,2.1,mock,Manufacturing,DNK,EU27,1
Austria,2016,1.6,mock,Manufacturing,AUT,EU27,1
Austria,2017,1.7,mock,Manufacturing,AUT,EU27,1
Austria,2018,1.9,mock,Manufacturing,AUT,EU27,1
Austria,2019,2.0,mock,Manufacturing,AUT,EU27,1
Austria,2020,2.1,mock,Manufacturing,AUT,EU27,1
Austria,2021,2.3,mock,Manufacturing,AUT,EU27,1
Austria,2022,2.5,mock,Manufacturing,AUT,EU27,1
Austria,2023,2.7,mock,Manufacturing,AUT,EU27,1
Austria,2024,2.9,mock,Manufacturing,AUT,EU27,1
Austria,2025,3.2,mock,Manufacturing,AUT,EU27,1
Austria,2026,3.5,mock,Manufacturing,AUT,EU27,1
Finland,2016,2.0,mock,Manufacturing,FIN,EU27,1
Finland,2017,2.1,mock,Manufacturing,FIN,EU27,1
Finland,2018,2.2,mock,Manufacturing,FIN,EU27,1
Finland,2019,2.3,mock,Manufacturing,FIN,EU27,1
Finland,2020,2.5,mock,Manufacturing,FIN,EU27,1
Finland,2021,2.7,mock,Manufacturing,FIN,EU27,1
Finland,2022,2.9,mock,Manufacturing,FIN,EU27,1
Finland,2023,3.1,mock,Manufacturing,FIN,EU27,1
Finland,2024,3.4,mock,Manufacturing,FIN,EU27,1
Finland,2025,3.6,mock,Manufacturing,FIN,EU27,1
Finland,2026,4.0,mock,Manufacturing,FIN,EU27,1
Czechia,2016,1.1,mock,Manufacturing,CZE,EU27,1
Czechia,2017,1.2,mock,Manufacturing,CZE,EU27,1
Czechia,2018,1.3,mock,Manufacturing,CZE,EU27,1
Czechia,2019,1.5,mock,Manufacturing,CZE,EU27,1
Czechia,2020,1.7,mock,Manufacturing,CZE,EU27,1
Czechia,2021,1.9,mock,Manufacturing,CZE,EU27,1
Czechia,2022,2.1,mock,Manufacturing,CZE,EU27,1
Czechia,2023,2.4,mock,Manufacturing,CZE,EU27,1
Czechia,2024,2.7,mock,Manufacturing,CZE,EU27,1
Czechia,2025,3.0,mock,Manufacturing,CZE,EU27,1
Czechia,2026,3.3,mock,Manufacturing,CZE,EU27,1
Romania,2016,1.4,mock,Manufacturing,ROU,EU27,1
Romania,2017,1.5,mock,Manufacturing,ROU,EU27,1
Romania,2018,1.5,mock,Manufacturing,ROU,EU27,1
Romania,2019,1.6,mock,Manufacturing,ROU,EU27,1
Romania,2020,1.6,mock,Manufacturing,ROU,EU27,1
Romania,2021,1.7,mock,Manufacturing,ROU,EU27,1
Romania,2022,1.8,mock,Manufacturing,ROU,EU27,1
Romania,2023,1.9,mock,Manufacturing,ROU,EU27,1
Romania,2024,2.1,mock,Manufacturing,ROU,EU27,1
Romania,2025,2.2,mock,Manufacturing,ROU,EU27,1
Romania,2026,2.4,mock,Manufacturing,ROU,EU27,1
Greece,2016,1.1,mock,Manufacturing,GRC,EU27,1
Greece,2017,1.2,mock,Manufacturing,GRC,EU27,1
Greece,2018,1.2,mock,Manufacturing,GRC,EU27,1
Greece,2019,1.3,mock,Manufacturing,GRC,EU27,1
Greece,2020,1.4,mock,Manufacturing,GRC,EU27,1
Greece,2021,1.5,mock,Manufacturing,GRC,EU27,1
Greece,2022,1.7,mock,Manufacturing,GRC,EU27,1
Greece,2023,1.8,mock,Manufacturing,GRC,EU27,1
Greece,2024,1.9,mock,Manufacturing,GRC,EU27,1
Greece,2025,2.1,mock,Manufacturing,GRC,EU27,1
Greece,2026,2.3,mock,Manufacturing,GRC,EU27,1
Hungary,2016,1.1,mock,Manufacturing,HUN,EU27,1
Hungary,2017,1.1,mock,Manufacturing,HUN,EU27,1
Hungary,2018,1.3,mock,Manufacturing,HUN,EU27,1
Hungary,2019,1.3,mock,Manufacturing,HUN,EU27,1
Hungary,2020,1.5,mock,Manufacturing,HUN,EU27,1
Hungary,2021,1.6,mock,Manufacturing,HUN,EU27,1
Hungary,2022,1.8,mock,Manufacturing,HUN,EU27,1
Hungary,2023,2.0,mock,Manufacturing,HUN,EU27,1
Hungary,2024,2.2,mock,Manufacturing,HUN,EU27,1
Hungary,2025,2.4,mock,Manufacturing,HUN,EU27,1
Hungary,2026,2.8,mock,Manufacturing,HUN,EU27,1
Bulgaria,2016,0.7,mock,Manufacturing,BGR,EU27,1
Bulgaria,2017,0.8,mock,Manufacturing,BGR,EU27,1
Bulgaria,2018,0.8,mock,Manufacturing,BGR,EU27,1
Bulgaria,2019,1.0,mock,Manufacturing,BGR,EU27,1
Bulgaria,2020,1.0,mock,Manufacturing,BGR,EU27,1
Bulgaria,2021,1.1,mock,Manufacturing,BGR,EU27,1
Bulgaria,2022,1.3,mock,Manufacturing,BGR,EU27,1
Bulgaria,2023,1.4,mock,Manufacturing,BGR,EU27,1
Bulgaria,2024,1.5,mock,Manufacturing,BGR,EU27,1
Bulgaria,2025,1.7,mock,Manufacturing,BGR,EU27,1
Bulgaria,2026,1.9,mock,Manufacturing,BGR,EU27,1
Croatia,2016,1.0,mock,Manufacturing,HRV,EU27,1
Croatia,2017,1.2,mock,Manufacturing,HRV,EU27,1
Croatia,2018,1.3,mock,Manufacturing,HRV,EU27,1
Croatia,2019,1.5,mock,Manufacturing,HRV,EU27,1
Croatia,2020,1.7,mock,Manufacturing,HRV,EU27,1
Croatia,2021,1.9,mock,Manufacturing,HRV,EU27,1
Croatia,2022,2.2,mock,Manufacturing,HRV,EU27,1
Croatia,2023,2.4,mock,Manufacturing,HRV,EU27,1
Croatia,2024,2.7,mock,Manufacturing,HRV,EU27,1
Croatia,2025,2.9,mock,Manufacturing,HRV,EU27,1
Croatia,2026,3.3,mock,Manufacturing,HRV,EU27,1
Slovakia,2016,2.5,mock,Manufacturing,SVK,EU27,1
Slovakia,2017,2.6,mock,Manufacturing,SVK,EU27,1
Slovakia,2018,2.7,mock,Manufacturing,SVK,EU27,1
Slovakia,2019,2.7,mock,Manufacturing,SVK,EU27,1
Slovakia,2020,2.9,mock,Manufacturing,SVK,EU27,1
Slovakia,2021,3.0,mock,Manufacturing,SVK,EU27,1
Slovakia,2022,3.1,mock,Manufacturing,SVK,EU27,1
Slovakia,2023,3.2,mock,Manufacturing,SVK,EU27,1
Slovakia,2024,3.4,mock,Manufacturing,SVK,EU27,1
Slovakia,2025,3.5,mock,Manufacturing,SVK,EU27,1
Slovakia,2026,3.6,mock,Manufacturing,SVK,EU27,1
Lithuania,2016,0.9,mock,Manufacturing,LTU,EU27,1
Lithuania,2017,0.9,mock,Manufacturing,LTU,EU27,1
Lithuania,2018,1.0,mock,Manufacturing,LTU,EU27,1
Lithuania,2019,1.1,mock,Manufacturing,LTU,EU27,1
Lithuania,2020,1.2,mock,Manufacturing,LTU,EU27,1
Lithuania,2021,1.2,mock,Manufacturing,LTU,EU27,1
Lithuania,2022,1.4,mock,Manufacturing,LTU,EU27,1
Lithuania,2023,1.5,mock,Manufacturing,LTU,EU27,1
Lithuania,2024,1.6,mock,Manufacturing,LTU,EU27,1
Lithuania,2025,1.8,mock,Manufacturing,LTU,EU27,1
Lithuania,2026,2.0,mock,Manufacturing,LTU,EU27,1
Estonia,2016,0.7,mock,Manufacturing,EST,EU27,1
Estonia,2017,0.8,mock,Manufacturing,EST,EU27,1
Estonia,2018,1.0,mock,Manufacturing,EST,EU27,1
Estonia,2019,1.0,mock,Manufacturing,EST,EU27,1
Estonia,2020,1.1,mock,Manufacturing,EST,EU27,1
Estonia,2021,1.3,mock,Manufacturing,EST,EU27,1
Estonia,2022,1.4,mock,Manufacturing,EST,EU27,1
Estonia,2023,1.6,mock,Manufacturing,EST,EU27,1
Estonia,2024,1.8,mock,Manufacturing,EST,EU27,1
Estonia,2025,1.9,mock,Manufacturing,EST,EU27,1
Estonia,2026,2.1,mock,Manufacturing,EST,EU27,1
Switzerland,2016,1.7,mock,Manufacturing,CHE,Europe (non-EU),1
Switzerland,2017,1.8,mock,Manufacturing,CHE,Europe (non-EU),1
Switzerland,2018,1.9,mock,Manufacturing,CHE,Europe (non-EU),1
Switzerland,2019,2.0,mock,Manufacturing,CHE,Europe (non-EU),1
Switzerland,2020,2.2,mock,Manufacturing,CHE,Europe (non-EU),1
Switzerland,2021,2.4,mock,Manufacturing,CHE,Europe (non-EU),1
Switzerland,2022,2.5,mock,Manufacturing,CHE,Europe (non-EU),1
Switzerland,2023,2.8,mock,Manufacturing,CHE,Europe (non-EU),1
Switzerland,2024,3.0,mock,Manufacturing,CHE,Europe (non-EU),1
Switzerland,2025,3.4,mock,Manufacturing,CHE,Europe (non-EU),1
Switzerland,2026,3.7,mock,Manufacturing,CHE,Europe (non-EU),1
Norway,2016,1.1,mock,Manufacturing,NOR,Europe (non-EU),1
Norway,2017,1.1,mock,Manufacturing,NOR,Europe (non-EU),1
Norway,2018,1.3,mock,Manufacturing,NOR,Europe (non-EU),1
Norway,2019,1.3,mock,Manufacturing,NOR,Europe (non-EU),1
Norway,2020,1.4,mock,Manufacturing,NOR,Europe (non-EU),1
Norway,2021,1.6,mock,Manufacturing,NOR,Europe (non-EU),1
Norway,2022,1.7,mock,Manufacturing,NOR,Europe (non-EU),1
Norway,2023,1.8,mock,Manufacturing,NOR,Europe (non-EU),1
Norway,2024,2.1,mock,Manufacturing,NOR,Europe (non-EU),1
Norway,2025,2.4,mock,Manufacturing,NOR,Europe (non-EU),1
Norway,2026,2.7,mock,Manufacturing,NOR,Europe (non-EU),1
Turkey,2016,1.7,mock,Manufacturing,TUR,Europe (non-EU),1
Turkey,2017,1.8,mock,Manufacturing,TUR,Europe (non-EU),1
Turkey,2018,1.9,mock,Manufacturing,TUR,Europe (non-EU),1
Turkey,2019,2.1,mock,Manufacturing,TUR,Europe (non-EU),1
Turkey,2020,2.3,mock,Manufacturing,TUR,Europe (non-EU),1
Turkey,2021,2.5,mock,Manufacturing,TUR,Europe (non-EU),1
Turkey,2022,2.7,mock,Manufacturing,TUR,Europe (non-EU),1
Turkey,2023,2.9,mock,Manufacturing,TUR,Europe (non-EU),1
Turkey,2024,3.1,mock,Manufacturing,TUR,Europe (non-EU),1
Turkey,2025,3.4,mock,Manufacturing,TUR,Europe (non-EU),1
Turkey,2026,3.7,mock,Manufacturing,TUR,Europe (non-EU),1
Canada,2016,1.1,mock,Manufacturing,CAN,Americas,1
Canada,2017,1.2,mock,Manufacturing,CAN,Americas,1
Canada,2018,1.3,mock,Manufacturing,CAN,Americas,1
Canada,2019,1.4,mock,Manufacturing,CAN,Americas,1
Canada,2020,1.6,mock,Manufacturing,CAN,Americas,1
Canada,2021,1.8,mock,Manufacturing,CAN,Americas,1
Canada,2022,2.1,mock,Manufacturing,CAN,Americas,1
Canada,2023,2.4,mock,Manufacturing,CAN,Americas,1
Canada,2024,2.7,mock,Manufacturing,CAN,Americas,1
Canada,2025,3.1,mock,Manufacturing,CAN,Americas,1
Canada,2026,3.6,mock,Manufacturing,CAN,Americas,1
Mexico,2016,1.7,mock,Manufacturing,MEX,Americas,1
Mexico,2017,1.8,mock,Manufacturing,MEX,Americas,1
Mexico,2018,1.9,mock,Manufacturing,MEX,Americas,1
Mexico,2019,2.1,mock,Manufacturing,MEX,Americas,1
Mexico,2020,2.2,mock,Manufacturing,MEX,Americas,1
Mexico,2021,2.4,mock,Manufacturing,MEX,Americas,1
Mexico,2022,2.6,mock,Manufacturing,MEX,Americas,1
Mexico,2023,2.8,mock,Manufacturing,MEX,Americas,1
Mexico,2024,3.0,mock,Manufacturing,MEX,Americas,1
Mexico,2025,3.3,mock,Manufacturing,MEX,Americas,1
Mexico,2026,3.6,mock,Manufacturing,MEX,Americas,1
Brazil,2016,1.2,mock,Manufacturing,BRA,Americas,1
Brazil,2017,1.3,mock,Manufacturing,BRA,Americas,1
Brazil,2018,1.4,mock,Manufacturing,BRA,Americas,1
Brazil,2019,1.6,mock,Manufacturing,BRA,Americas,1
Brazil,2020,1.7,mock,Manufacturing,BRA,Americas,1
Brazil,2021,1.9,mock,Manufacturing,BRA,Americas,1
Brazil,2022,2.1,mock,Manufacturing,BRA,Americas,1
Brazil,2023,2.3,mock,Manufacturing,BRA,Americas,1
Brazil,2024,2.5,mock,Manufacturing,BRA,Americas,1
Brazil,2025,2.6,mock,Manufacturing,BRA,Americas,1
Brazil,2026,2.9,mock,Manufacturing,BRA,Americas,1
Argentina,2016,1.2,mock,Manufacturing,ARG,Americas,1
Argentina,2017,1.4,mock,Manufacturing,ARG,Americas,1
Argentina,2018,1.5,mock,Manufacturing,ARG,Americas,1
Argentina,2019,1.7,mock,Manufacturing,ARG,Americas,1
Argentina,2020,1.8,mock,Manufacturing,ARG,Americas,1
Argentina,2021,2.1,mock,Manufacturing,ARG,Americas,1
Argentina,2022,2.3,mock,Manufacturing,ARG,Americas,1
Argentina,2023,2.6,mock,Manufacturing,ARG,Americas,1
Argentina,2024,2.8,mock,Manufacturing,ARG,Americas,1
Argentina,2025,3.1,mock,Manufacturing,ARG,Americas,1
Argentina,2026,3.5,mock,Manufacturing,ARG,Americas,1
Chile,2016,0.6,mock,Manufacturing,CHL,Americas,1
Chile,2017,0.8,mock,Manufacturing,CHL,Americas,1
Chile,2018,0.9,mock,Manufacturing,CHL,Americas,1
Chile,2019,1.1,mock,Manufacturing,CHL,Americas,1
Chile,2020,1.2,mock,Manufacturing,CHL,Americas,1
Chile,2021,1.5,mock,Manufacturing,CHL,Americas,1
Chile,2022,1.8,mock,Manufacturing,CHL,Americas,1
Chile,2023,2.0,mock,Manufacturing,CHL,Americas,1
Chile,2024,2.4,mock,Manufacturing,CHL,Americas,1
Chile,2025,2.8,mock,Manufacturing,CHL,Americas,1
Chile,2026,3.3,mock,Manufacturing,CHL,Americas,1
Colombia,2016,0.9,mock,Manufacturing,COL,Americas,1
Colombia,2017,1.0,mock,Manufacturing,COL,Americas,1
Colombia,2018,1.1,mock,Manufacturing,COL,Americas,1
Colombia,2019,1.3,mock,Manufacturing,COL,Americas,1
Colombia,2020,1.4,mock,Manufacturing,COL,Americas,1
Colombia,2021,1.7,mock,Manufacturing,COL,Americas,1
Colombia,2022,1.9,mock,Manufacturing,COL,Americas,1
Colombia,2023,2.1,mock,Manufacturing,COL,Americas,1
Colombia,2024,2.5,mock,Manufacturing,COL,Americas,1
Colombia,2025,2.8,mock,Manufacturing,COL,Americas,1
Colombia,2026,3.3,mock,Manufacturing,COL,Americas,1
Peru,2016,0.7,mock,Manufacturing,PER,Americas,1
Peru,2017,0.8,mock,Manufacturing,PER,Americas,1
Peru,2018,0.9,mock,Manufacturing,PER,Americas,1
Peru,2019,0.9,mock,Manufacturing,PER,Americas,1
Peru,2020,1.0,mock,Manufacturing,PER,Americas,1
Peru,2021,1.1,mock,Manufacturing,PER,Americas,1
Peru,2022,1.2,mock,Manufacturing,PER,Americas,1
Peru,2023,1.4,mock,Manufacturing,PER,Americas,1
Peru,2024,1.5,mock,Manufacturing,PER,Americas,1
Peru,2025,1.7,mock,Manufacturing,PER,Americas,1
Peru,2026,1.8,mock,Manufacturing,PER,Americas,1
Australia,2016,0.9,mock,Manufacturing,AUS,Asia-Pacific,1
Australia,2017,0.9,mock,Manufacturing,AUS,Asia-Pacific,1
Australia,2018,1.0,mock,Manufacturing,AUS,Asia-Pacific,1
Australia,2019,1.1,mock,Manufacturing,AUS,Asia-Pacific,1
Australia,2020,1.1,mock,Manufacturing,AUS,Asia-Pacific,1
Australia,2021,1.2,mock,Manufacturing,AUS,Asia-Pacific,1
Australia,2022,1.4,mock,Manufacturing,AUS,Asia-Pacific,1
Australia,2023,1.5,mock,Manufacturing,AUS,Asia-Pacific,1
Australia,2024,1.7,mock,Manufacturing,AUS,Asia-Pacific,1
Australia,2025,1.8,mock,Manufacturing,AUS,Asia-Pacific,1
Australia,2026,2.0,mock,Manufacturing,AUS,Asia-Pacific,1
New Zealand,2016,1.0,mock,Manufacturing,NZL,Asia-Pacific,1
New Zealand,2017,1.1,mock,Manufacturing,NZL,Asia-Pacific,1
New Zealand,2018,1.2,mock,Manufacturing,NZL,Asia-Pacific,1
New Zealand,2019,1.3,mock,Manufacturing,NZL,Asia-Pacific,1
New Zealand,2020,1.5,mock,Manufacturing,NZL,Asia-Pacific,1
New Zealand,2021,1.6,mock,Manufacturing,NZL,Asia-Pacific,1
New Zealand,2022,1.7,mock,Manufacturing,NZL,Asia-Pacific,1
New Zealand,2023,1.9,mock,Manufacturing,NZL,Asia-Pacific,1
New Zealand,2024,2.1,mock,Manufacturing,NZL,Asia-Pacific,1
New Zealand,2025,2.2,mock,Manufacturing,NZL,Asia-Pacific,1
New Zealand,2026,2.5,mock,Manufacturing,NZL,Asia-Pacific,1
Japan,2016,2.3,mock,Manufacturing,JPN,Asia-Pacific,1
Japan,2017,2.3,mock,Manufacturing,JPN,Asia-Pacific,1
Japan,2018,2.4,mock,Manufacturing,JPN,Asia-Pacific,1
Japan,2019,2.5,mock,Manufacturing,JPN,Asia-Pacific,1
Japan,2020,2.5,mock,Manufacturing,JPN,Asia-Pacific,1
Japan,2021,2.6,mock,Manufacturing,JPN,Asia-Pacific,1
Japan,2022,2.7,mock,Manufacturing,JPN,Asia-Pacific,1
Japan,2023,2.9,mock,Manufacturing,JPN,Asia-Pacific,1
Japan,2024,3.0,mock,Manufacturing,JPN,Asia-Pacific,1
Japan,2025,3.3,mock,Manufacturing,JPN,Asia-Pacific,1
Japan,2026,3.5,mock,Manufacturing,JPN,Asia-Pacific,1
Singapore,2016,1.7,mock,Manufacturing,SGP,Asia-Pacific,1
Singapore,2017,1.8,mock,Manufacturing,SGP,Asia-Pacific,1
Singapore,2018,1.9,mock,Manufacturing,SGP,Asia-Pacific,1
Singapore,2019,2.0,mock,Manufacturing,SGP,Asia-Pacific,1
Singapore,2020,2.2,mock,Manufacturing,SGP,Asia-Pacific,1
Singapore,2021,2.3,mock,Manufacturing,SGP,Asia-Pacific,1
Singapore,2022,2.5,mock,Manufacturing,SGP,Asia-Pacific,1
Singapore,2023,2.6,mock,Manufacturing,SGP,Asia-Pacific,1
Singapore,2024,2.9,mock,Manufacturing,SGP,Asia-Pacific,1
Singapore,2025,3.2,mock,Manufacturing,SGP,Asia-Pacific,1
Singapore,2026,3.4,mock,Manufacturing,SGP,Asia-Pacific,1
Indonesia,2016,0.8,mock,Manufacturing,IDN,Asia-Pacific,1
Indonesia,2017,0.8,mock,Manufacturing,IDN,Asia-Pacific,1
Indonesia,2018,0.9,mock,Manufacturing,IDN,Asia-Pacific,1
Indonesia,2019,0.9,mock,Manufacturing,IDN,Asia-Pacific,1
Indonesia,2020,1.0,mock,Manufacturing,IDN,Asia-Pacific,1
Indonesia,2021,1.0,mock,Manufacturing,IDN,Asia-Pacific,1
Indonesia,2022,1.1,mock,Manufacturing,IDN,Asia-Pacific,1
Indonesia,2023,1.1,mock,Manufacturing,IDN,Asia-Pacific,1
Indonesia,2024,1.2,mock,Manufacturing,IDN,Asia-Pacific,1
Indonesia,2025,1.3,mock,Manufacturing,IDN,Asia-Pacific,1
Indonesia,2026,1.4,mock,Manufacturing,IDN,Asia-Pacific,1
Philippines,2016,0.8,mock,Manufacturing,PHL,Asia-Pacific,1
Philippines,2017,0.9,mock,Manufacturing,PHL,Asia-Pacific,1
Philippines,2018,0.9,mock,Manufacturing,PHL,Asia-Pacific,1
Philippines,2019,1.0,mock,Manufacturing,PHL,Asia-Pacific,1
Philippines,2020,1.2,mock,Manufacturing,PHL,Asia-Pacific,1
Philippines,2021,1.3,mock,Manufacturing,PHL,Asia-Pacific,1
Philippines,2022,1.4,mock,Manufacturing,PHL,Asia-Pacific,1
Philippines,2023,1.6,mock,Manufacturing,PHL,Asia-Pacific,1
Philippines,2024,1.7,mock,Manufacturing,PHL,Asia-Pacific,1
Philippines,2025,1.9,mock,Manufacturing,PHL,Asia-Pacific,1
Philippines,2026,2.2,mock,Manufacturing,PHL,Asia-Pacific,1
Malaysia,2016,0.9,mock,Manufacturing,MYS,Asia-Pacific,1
Malaysia,2017,0.9,mock,Manufacturing,MYS,Asia-Pacific,1
Malaysia,2018,1.1,mock,Manufacturing,MYS,Asia-Pacific,1
Malaysia,2019,1.1,mock,Manufacturing,MYS,Asia-Pacific,1
Malaysia,2020,1.2,mock,Manufacturing,MYS,Asia-Pacific,1
Malaysia,2021,1.3,mock,Manufacturing,MYS,Asia-Pacific,1
Malaysia,2022,1.6,mock,Manufacturing,MYS,Asia-Pacific,1
Malaysia,2023,1.6,mock,Manufacturing,MYS,Asia-Pacific,1
Malaysia,2024,1.9,mock,Manufacturing,MYS,Asia-Pacific,1
Malaysia,2025,2.1,mock,Manufacturing,MYS,Asia-Pacific,1
Malaysia,2026,2.3,mock,Manufacturing,MYS,Asia-Pacific,1
United Arab Emirates,2016,1.1,mock,Manufacturing,ARE,Middle East,1
United Arab Emirates,2017,1.2,mock,Manufacturing,ARE,Middle East,1
United Arab Emirates,2018,1.3,mock,Manufacturing,ARE,Middle East,1
United Arab Emirates,2019,1.4,mock,Manufacturing,ARE,Middle East,1
United Arab Emirates,2020,1.6,mock,Manufacturing,ARE,Middle East,1
United Arab Emirates,2021,1.7,mock,Manufacturing,ARE,Middle East,1
United Arab Emirates,2022,1.9,mock,Manufacturing,ARE,Middle East,1
United Arab Emirates,2023,2.1,mock,Manufacturing,ARE,Middle East,1
United Arab Emirates,2024,2.3,mock,Manufacturing,ARE,Middle East,1
United Arab Emirates,2025,2.6,mock,Manufacturing,ARE,Middle East,1
United Arab Emirates,2026,2.9,mock,Manufacturing,ARE,Middle East,1
Saudi Arabia,2016,1.0,mock,Manufacturing,SAU,Middle East,1
Saudi Arabia,2017,1.1,mock,Manufacturing,SAU,Middle East,1
Saudi Arabia,2018,1.2,mock,Manufacturing,SAU,Middle East,1
Saudi Arabia,2019,1.2,mock,Manufacturing,SAU,Middle East,1
Saudi Arabia,2020,1.2,mock,Manufacturing,SAU,Middle East,1
Saudi Arabia,2021,1.4,mock,Manufacturing,SAU,Middle East,1
Saudi Arabia,2022,1.5,mock,Manufacturing,SAU,Middle East,1
Saudi Arabia,2023,1.6,mock,Manufacturing,SAU,Middle East,1
Saudi Arabia,2024,1.7,mock,Manufacturing,SAU,Middle East,1
Saudi Arabia,2025,1.8,mock,Manufacturing,SAU,Middle East,1
Saudi Arabia,2026,1.9,mock,Manufacturing,SAU,Middle East,1
Israel,2016,1.2,mock,Manufacturing,ISR,Middle East,1
Israel,2017,1.3,mock,Manufacturing,ISR,Middle East,1
Israel,2018,1.3,mock,Manufacturing,ISR,Middle East,1
Israel,2019,1.4,mock,Manufacturing,ISR,Middle East,1
Israel,2020,1.6,mock,Manufacturing,ISR,Middle East,1
Israel,2021,1.7,mock,Manufacturing,ISR,Middle East,1
Israel,2022,1.9,mock,Manufacturing,ISR,Middle East,1
Israel,2023,2.1,mock,Manufacturing,ISR,Middle East,1
Israel,2024,2.3,mock,Manufacturing,ISR,Middle East,1
Israel,2025,2.5,mock,Manufacturing,ISR,Middle East,1
Israel,2026,2.8,mock,Manufacturing,ISR,Middle East,1
Qatar,2016,1.2,mock,Manufacturing,QAT,Middle East,1
Qatar,2017,1.4,mock,Manufacturing,QAT,Middle East,1
Qatar,2018,1.7,mock,Manufacturing,QAT,Middle East,1
Qatar,2019,1.9,mock,Manufacturing,QAT,Middle East,1
Qatar,2020,2.1,mock,Manufacturing,QAT,Middle East,1
Qatar,2021,2.4,mock,Manufacturing,QAT,Middle East,1
Qatar,2022,2.7,mock,Manufacturing,QAT,Middle East,1
Qatar,2023,3.0,mock,Manufacturing,QAT,Middle East,1
Qatar,2024,3.3,mock,Manufacturing,QAT,Middle East,1
Qatar,2025,3.7,mock,Manufacturing,QAT,Middle East,1
Qatar,2026,4.1,mock,Manufacturing,QAT,Middle East,1
South Africa,2016,1.0,mock,Manufacturing,ZAF,Africa,1
South Africa,2017,1.1,mock,Manufacturing,ZAF,Africa,1
South Africa,2018,1.2,mock,Manufacturing,ZAF,Africa,1
South Africa,2019,1.3,mock,Manufacturing,ZAF,Africa,1
South Africa,2020,1.4,mock,Manufacturing,ZAF,Africa,1
South Africa,2021,1.6,mock,Manufacturing,ZAF,Africa,1
South Africa,2022,1.8,mock,Manufacturing,ZAF,Africa,1
South Africa,2023,2.0,mock,Manufacturing,ZAF,Africa,1
South Africa,2024,2.2,mock,Manufacturing,ZAF,Africa,1
South Africa,2025,2.5,mock,Manufacturing,ZAF,Africa,1
South Africa,2026,2.8,mock,Manufacturing,ZAF,Africa,1
Nigeria,2016,0.9,mock,Manufacturing,NGA,Africa,1
Nigeria,2017,0.9,mock,Manufacturing,NGA,Africa,1
Nigeria,2018,1.0,mock,Manufacturing,NGA,Africa,1
Nigeria,2019,1.2,mock,Manufacturing,NGA,Africa,1
Nigeria,2020,1.2,mock,Manufacturing,NGA,Africa,1
Nigeria,2021,1.4,mock,Manufacturing,NGA,Africa,1
Nigeria,2022,1.5,mock,Manufacturing,NGA,Africa,1
Nigeria,2023,1.6,mock,Manufacturing,NGA,Africa,1
Nigeria,2024,1.8,mock,Manufacturing,NGA,Africa,1
Nigeria,2025,2.0,mock,Manufacturing,NGA,Africa,1
Nigeria,2026,2.1,mock,Manufacturing,NGA,Africa,1
Egypt,2016,0.8,mock,Manufacturing,EGY,Africa,1
Egypt,2017,0.9,mock,Manufacturing,EGY,Africa,1
Egypt,2018,0.9,mock,Manufacturing,EGY,Africa,1
Egypt,2019,1.0,mock,Manufacturing,EGY,Africa,1
Egypt,2020,1.2,mock,Manufacturing,EGY,Africa,1
Egypt,2021,1.3,mock,Manufacturing,EGY,Africa,1
Egypt,2022,1.5,mock,Manufacturing,EGY,Africa,1
Egypt,2023,1.7,mock,Manufacturing,EGY,Africa,1
Egypt,2024,2.0,mock,Manufacturing,EGY,Africa,1
Egypt,2025,2.3,mock,Manufacturing,EGY,Africa,1
Egypt,2026,2.6,mock,Manufacturing,EGY,Africa,1
Kenya,2016,0.6,mock,Manufacturing,KEN,Africa,1
Kenya,2017,0.6,mock,Manufacturing,KEN,Africa,1
Kenya,2018,0.7,mock,Manufacturing,KEN,Africa,1
Kenya,2019,0.7,mock,Manufacturing,KEN,Africa,1
Kenya,2020,0.7,mock,Manufacturing,KEN,Africa,1
Kenya,2021,0.8,mock,Manufacturing,KEN,Africa,1
Kenya,2022,0.9,mock,Manufacturing,KEN,Africa,1
Kenya,2023,1.0,mock,Manufacturing,KEN,Africa,1
Kenya,2024,1.1,mock,Manufacturing,KEN,Africa,1
Kenya,2025,1.2,mock,Manufacturing,KEN,Africa,1
Kenya,2026,1.3,mock,Manufacturing,KEN,Africa,1
France,2016,0.4,mock,Health,FRA,EU27,1
France,2017,0.5,mock,Health,FRA,EU27,1
France,2018,0.5,mock,Health,FRA,EU27,1
France,2019,0.6,mock,Health,FRA,EU27,1
France,2020,0.7,mock,Health,FRA,EU27,1
France,2021,0.8,mock,Health,FRA,EU27,1
France,2022,0.9,mock,Health,FRA,EU27,1
France,2023,1.0,mock,Health,FRA,EU27,1
France,2024,1.2,mock,Health,FRA,EU27,1
France,2025,1.4,mock,Health,FRA,EU27,1
France,2026,1.6,mock,Health,FRA,EU27,1
Germany,2016,0.6,mock,Health,DEU,EU27,1
Germany,2017,0.7,mock,Health,DEU,EU27,1
Germany,2018,0.7,mock,Health,DEU,EU27,1
Germany,2019,0.8,mock,Health,DEU,EU27,1
Germany,2020,0.9,mock,Health,DEU,EU27,1
Germany,2021,1.0,mock,Health,DEU,EU27,1
Germany,2022,1.2,mock,Health,DEU,EU27,1
Germany,2023,1.3,mock,Health,DEU,EU27,1
Germany,2024,1.5,mock,Health,DEU,EU27,1
Germany,2025,1.7,mock,Health,DEU,EU27,1
Germany,2026,2.0,mock,Health,DEU,EU27,1
India,2016,0.7,mock,Health,IND,Asia-Pacific,1
India,2017,0.8,mock,Health,IND,Asia-Pacific,1
India,2018,0.8,mock,Health,IND,Asia-Pacific,1
India,2019,0.9,mock,Health,IND,Asia-Pacific,1
India,2020,1.0,mock,Health,IND,Asia-Pacific,1
India,2021,1.2,mock,Health,IND,Asia-Pacific,1
India,2022,1.3,mock,Health,IND,Asia-Pacific,1
India,2023,1.5,mock,Health,IND,Asia-Pacific,1
India,2024,1.7,mock,Health,IND,Asia-Pacific,1
India,2025,1.9,mock,Health,IND,Asia-Pacific,1
India,2026,2.2,mock,Health,IND,Asia-Pacific,1
United Kingdom,2016,1.4,mock,Health,GBR,Europe (non-EU),1
United Kingdom,2017,1.4,mock,Health,GBR,Europe (non-EU),1
United Kingdom,2018,1.5,mock,Health,GBR,Europe (non-EU),1
United Kingdom,2019,1.5,mock,Health,GBR,Europe (non-EU),1
United Kingdom,2020,1.6,mock,Health,GBR,Europe (non-EU),1
United Kingdom,2021,1.7,mock,Health,GBR,Europe (non-EU),1
United Kingdom,2022,1.7,mock,Health,GBR,Europe (non-EU),1
United Kingdom,2023,1.9,mock,Health,GBR,Europe (non-EU),1
United Kingdom,2024,2.0,mock,Health,GBR,Europe (non-EU),1
United Kingdom,2025,2.1,mock,Health,GBR,Europe (non-EU),1
United Kingdom,2026,2.3,mock,Health,GBR,Europe (non-EU),1
United States,2016,0.9,mock,Health,USA,Americas,1
United States,2017,0.9,mock,Health,USA,Americas,1
United States,2018,1.0,mock,Health,USA,Americas,1
United States,2019,1.0,mock,Health,USA,Americas,1
United States,2020,1.0,mock,Health,USA,Americas,1
United States,2021,1.1,mock,Health,USA,Americas,1
United States,2022,1.2,mock,Health,USA,Americas,1
United States,2023,1.2,mock,Health,USA,Americas,1
United States,2024,1.3,mock,Health,USA,Americas,1
United States,2025,1.4,mock,Health,USA,Americas,1
United States,2026,1.5,mock,Health,USA,Americas,1
Spain,2016,0.5,mock,Health,ESP,EU27,1
Spain,2017,0.5,mock,Health,ESP,EU27,1
Spain,2018,0.7,mock,Health,ESP,EU27,1
Spain,2019,0.9,mock,Health,ESP,EU27,1
Spain,2020,1.0,mock,Health,ESP,EU27,1
Spain,2021,1.2,mock,Health,ESP,EU27,1
Spain,2022,1.4,mock,Health,ESP,EU27,1
Spain,2023,1.6,mock,Health,ESP,EU27,1
Spain,2024,1.8,mock,Health,ESP,EU27,1
Spain,2025,2.1,mock,Health,ESP,EU27,1
Spain,2026,2.4,mock,Health,ESP,EU27,1
Italy,2016,0.7,mock,Health,ITA,EU27,1
Italy,2017,0.7,mock,Health,ITA,EU27,1
Italy,2018,0.7,mock,Health,ITA,EU27,1
Italy,2019,0.7,mock,Health,ITA,EU27,1
Italy,2020,0.7,mock,Health,ITA,EU27,1
Italy,2021,0.8,mock,Health,ITA,EU27,1
Italy,2022,0.8,mock,Health,ITA,EU27,1
Italy,2023,0.9,mock,Health,ITA,EU27,1
Italy,2024,0.9,mock,Health,ITA,EU27,1
Italy,2025,1.0,mock,Health,ITA,EU27,1
Italy,2026,1.1,mock,Health,ITA,EU27,1
Netherlands,2016,0.7,mock,Health,NLD,EU27,1
Netherlands,2017,0.7,mock,Health,NLD,EU27,1
Netherlands,2018,0.8,mock,Health,NLD,EU27,1
Netherlands,2019,0.9,mock,Health,NLD,EU27,1
Netherlands,2020,1.0,mock,Health,NLD,EU27,1
Netherlands,2021,1.1,mock,Health,NLD,EU27,1
Netherlands,2022,1.3,mock,Health,NLD,EU27,1
Netherlands,2023,1.4,mock,Health,NLD,EU27,1
Netherlands,2024,1.5,mock,Health,NLD,EU27,1
Netherlands,2025,1.6,mock,Health,NLD,EU27,1
Netherlands,2026,1.8,mock,Health,NLD,EU27,1
Belgium,2016,1.4,mock,Health,BEL,EU27,1
Belgium,2017,1.5,mock,Health,BEL,EU27,1
Belgium,2018,1.6,mock,Health,BEL,EU27,1
Belgium,2019,1.7,mock,Health,BEL,EU27,1
Belgium,2020,1.7,mock,Health,BEL,EU27,1
Belgium,2021,1.8,mock,Health,BEL,EU27,1
Belgium,2022,1.9,mock,Health,BEL,EU27,1
Belgium,2023,2.0,mock,Health,BEL,EU27,1
Belgium,2024,2.1,mock,Health,BEL,EU27,1
Belgium,2025,2.3,mock,Health,BEL,EU27,1
Belgium,2026,2.4,mock,Health,BEL,EU27,1
Sweden,2016,0.9,mock,Health,SWE,EU27,1
Sweden,2017,1.0,mock,Health,SWE,EU27,1
Sweden,2018,1.0,mock,Health,SWE,EU27,1
Sweden,2019,1.1,mock,Health,SWE,EU27,1
Sweden,2020,1.3,mock,Health,SWE,EU27,1
Sweden,2021,1.4,mock,Health,SWE,EU27,1
Sweden,2022,1.6,mock,Health,SWE,EU27,1
Sweden,2023,1.8,mock,Health,SWE,EU27,1
Sweden,2024,2.0,mock,Health,SWE,EU27,1
Sweden,2025,2.3,mock,Health,SWE,EU27,1
Sweden,2026,2.6,mock,Health,SWE,EU27,1
Poland,2016,0.3,mock,Health,POL,EU27,1
Poland,2017,0.3,mock,Health,POL,EU27,1
Poland,2018,0.3,mock,Health,POL,EU27,1
Poland,2019,0.3,mock,Health,POL,EU27,1
Poland,2020,0.3,mock,Health,POL,EU27,1
Poland,2021,0.4,mock,Health,POL,EU27,1
Poland,2022,0.4,mock,Health,POL,EU27,1
Poland,2023,0.5,mock,Health,POL,EU27,1
Poland,2024,0.5,mock,Health,POL,EU27,1
Poland,2025,0.5,mock,Health,POL,EU27,1
Poland,2026,0.6,mock,Health,POL,EU27,1
Ireland,2016,0.6,mock,Health,IRL,EU27,1
Ireland,2017,0.7,mock,Health,IRL,EU27,1
Ireland,2018,0.7,mock,Health,IRL,EU27,1
Ireland,2019,0.8,mock,Health,IRL,EU27,1
Ireland,2020,0.8,mock,Health,IRL,EU27,1
Ireland,2021,0.9,mock,Health,IRL,EU27,1
Ireland,2022,0.9,mock,Health,IRL,EU27,1
Ireland,2023,1.0,mock,Health,IRL,EU27,1
Ireland,2024,1.1,mock,Health,IRL,EU27,1
Ireland,2025,1.2,mock,Health,IRL,EU27,1
Ireland,2026,1.3,mock,Health,IRL,EU27,1
Portugal,2016,0.7,mock,Health,PRT,EU27,1
Portugal,2017,0.8,mock,Health,PRT,EU27,1
Portugal,2018,0.8,mock,Health,PRT,EU27,1
Portugal,2019,0.8,mock,Health,PRT,EU27,1
Portugal,2020,0.9,mock,Health,PRT,EU27,1
Portugal,2021,0.9,mock,Health,PRT,EU27,1
Portugal,2022,0.9,mock,Health,PRT,EU27,1
Portugal,2023,1.0,mock,Health,PRT,EU27,1
Portugal,2024,1.1,mock,Health,PRT,EU27,1
Portugal,2025,1.1,mock,Health,PRT,EU27,1
Portugal,2026,1.2,mock,Health,PRT,EU27,1
Denmark,2016,0.5,mock,Health,DNK,EU27,1
Denmark,2017,0.6,mock,Health,DNK,EU27,1
Denmark,2018,0.7,mock,Health,DNK,EU27,1
Denmark,2019,0.8,mock,Health,DNK,EU27,1
Denmark,2020,0.9,mock,Health,DNK,EU27,1
Denmark,2021,1.0,mock,Health,DNK,EU27,1
Denmark,2022,1.1,mock,Health,DNK,EU27,1
Denmark,2023,1.3,mock,Health,DNK,EU27,1
Denmark,2024,1.4,mock,Health,DNK,EU27,1
Denmark,2025,1.6,mock,Health,DNK,EU27,1
Denmark,2026,1.8,mock,Health,DNK,EU27,1
Austria,2016,1.3,mock,Health,AUT,EU27,1
Austria,2017,1.4,mock,Health,AUT,EU27,1
Austria,2018,1.4,mock,Health,AUT,EU27,1
Austria,2019,1.5,mock,Health,AUT,EU27,1
Austria,2020,1.5,mock,Health,AUT,EU27,1
Austria,2021,1.6,mock,Health,AUT,EU27,1
Austria,2022,1.7,mock,Health,AUT,EU27,1
Austria,2023,1.8,mock,Health,AUT,EU27,1
Austria,2024,2.0,mock,Health,AUT,EU27,1
Austria,2025,2.2,mock,Health,AUT,EU27,1
Austria,2026,2.4,mock,Health,AUT,EU27,1
Finland,2016,0.9,mock,Health,FIN,EU27,1
Finland,2017,1.0,mock,Health,FIN,EU27,1
Finland,2018,1.1,mock,Health,FIN,EU27,1
Finland,2019,1.2,mock,Health,FIN,EU27,1
Finland,2020,1.3,mock,Health,FIN,EU27,1
Finland,2021,1.4,mock,Health,FIN,EU27,1
Finland,2022,1.6,mock,Health,FIN,EU27,1
Finland,2023,1.8,mock,Health,FIN,EU27,1
Finland,2024,2.0,mock,Health,FIN,EU27,1
Finland,2025,2.2,mock,Health,FIN,EU27,1
Finland,2026,2.4,mock,Health,FIN,EU27,1
Czechia,2016,0.6,mock,Health,CZE,EU27,1
Czechia,2017,0.7,mock,Health,CZE,EU27,1
Czechia,2018,0.8,mock,Health,CZE,EU27,1
Czechia,2019,0.8,mock,Health,CZE,EU27,1
Czechia,2020,0.8,mock,Health,CZE,EU27,1
Czechia,2021,0.9,mock,Health,CZE,EU27,1
Czechia,2022,1.0,mock,Health,CZE,EU27,1
Czechia,2023,1.1,mock,Health,CZE,EU27,1
Czechia,2024,1.2,mock,Health,CZE,EU27,1
Czechia,2025,1.4,mock,Health,CZE,EU27,1
Czechia,2026,1.5,mock,Health,CZE,EU27,1
Romania,2016,0.6,mock,Health,ROU,EU27,1
Romania,2017,0.7,mock,Health,ROU,EU27,1
Romania,2018,0.8,mock,Health,ROU,EU27,1
Romania,2019,0.9,mock,Health,ROU,EU27,1
Romania,2020,1.0,mock,Health,ROU,EU27,1
Romania,2021,1.1,mock,Health,ROU,EU27,1
Romania,2022,1.2,mock,Health,ROU,EU27,1
Romania,2023,1.3,mock,Health,ROU,EU27,1
Romania,2024,1.5,mock,Health,ROU,EU27,1
Romania,2025,1.6,mock,Health,ROU,EU27,1
Romania,2026,1.8,mock,Health,ROU,EU27,1
Greece,2016,0.5,mock,Health,GRC,EU27,1
Greece,2017,0.6,mock,Health,GRC,EU27,1
Greece,2018,0.6,mock,Health,GRC,EU27,1
Greece,2019,0.7,mock,Health,GRC,EU27,1
Greece,2020,0.8,mock,Health,GRC,EU27,1
Greece,2021,0.8,mock,Health,GRC,EU27,1
Greece,2022,0.9,mock,Health,GRC,EU27,1
Greece,2023,1.0,mock,Health,GRC,EU27,1
Greece,2024,1.1,mock,Health,GRC,EU27,1
Greece,2025,1.2,mock,Health,GRC,EU27,1
Greece,2026,1.3,mock,Health,GRC,EU27,1
Hungary,2016,0.5,mock,Health,HUN,EU27,1
Hungary,2017,0.5,mock,Health,HUN,EU27,1
Hungary,2018,0.6,mock,Health,HUN,EU27,1
Hungary,2019,0.7,mock,Health,HUN,EU27,1
Hungary,2020,0.8,mock,Health,HUN,EU27,1
Hungary,2021,0.9,mock,Health,HUN,EU27,1
Hungary,2022,1.1,mock,Health,HUN,EU27,1
Hungary,2023,1.2,mock,Health,HUN,EU27,1
Hungary,2024,1.3,mock,Health,HUN,EU27,1
Hungary,2025,1.5,mock,Health,HUN,EU27,1
Hungary,2026,1.6,mock,Health,HUN,EU27,1
Bulgaria,2016,0.3,mock,Health,BGR,EU27,1
Bulgaria,2017,0.3,mock,Health,BGR,EU27,1
Bulgaria,2018,0.4,mock,Health,BGR,EU27,1
Bulgaria,2019,0.4,mock,Health,BGR,EU27,1
Bulgaria,2020,0.5,mock,Health,BGR,EU27,1
Bulgaria,2021,0.5,mock,Health,BGR,EU27,1
Bulgaria,2022,0.6,mock,Health,BGR,EU27,1
Bulgaria,2023,0.7,mock,Health,BGR,EU27,1
Bulgaria,2024,0.8,mock,Health,BGR,EU27,1
Bulgaria,2025,0.9,mock,Health,BGR,EU27,1
Bulgaria,2026,1.0,mock,Health,BGR,EU27,1
Croatia,2016,0.8,mock,Health,HRV,EU27,1
Croatia,2017,0.9,mock,Health,HRV,EU27,1
Croatia,2018,1.0,mock,Health,HRV,EU27,1
Croatia,2019,1.1,mock,Health,HRV,EU27,1
Croatia,2020,1.2,mock,Health,HRV,EU27,1
Croatia,2021,1.4,mock,Health,HRV,EU27,1
Croatia,2022,1.6,mock,Health,HRV,EU27,1
Croatia,2023,1.7,mock,Health,HRV,EU27,1
Croatia,2024,1.9,mock,Health,HRV,EU27,1
Croatia,2025,2.1,mock,Health,HRV,EU27,1
Croatia,2026,2.3,mock,Health,HRV,EU27,1
Slovakia,2016,1.6,mock,Health,SVK,EU27,1
Slovakia,2017,1.7,mock,Health,SVK,EU27,1
Slovakia,2018,1.8,mock,Health,SVK,EU27,1
Slovakia,2019,1.8,mock,Health,SVK,EU27,1
Slovakia,2020,1.9,mock,Health,SVK,EU27,1
Slovakia,2021,2.0,mock,Health,SVK,EU27,1
Slovakia,2022,2.1,mock,Health,SVK,EU27,1
Slovakia,2023,2.2,mock,Health,SVK,EU27,1
Slovakia,2024,2.3,mock,Health,SVK,EU27,1
Slovakia,2025,2.4,mock,Health,SVK,EU27,1
Slovakia,2026,2.6,mock,Health,SVK,EU27,1
Lithuania,2016,0.6,mock,Health,LTU,EU27,1
Lithuania,2017,0.7,mock,Health,LTU,EU27,1
Lithuania,2018,0.8,mock,Health,LTU,EU27,1
Lithuania,2019,0.8,mock,Health,LTU,EU27,1
Lithuania,2020,0.9,mock,Health,LTU,EU27,1
Lithuania,2021,1.0,mock,Health,LTU,EU27,1
Lithuania,2022,1.1,mock,Health,LTU,EU27,1
Lithuania,2023,1.2,mock,Health,LTU,EU27,1
Lithuania,2024,1.4,mock,Health,LTU,EU27,1
Lithuania,2025,1.6,mock,Health,LTU,EU27,1
Lithuania,2026,1.7,mock,Health,LTU,EU27,1
Estonia,2016,0.7,mock,Health,EST,EU27,1
Estonia,2017,0.8,mock,Health,EST,EU27,1
Estonia,2018,0.8,mock,Health,EST,EU27,1
Estonia,2019,0.8,mock,Health,EST,EU27,1
Estonia,2020,0.8,mock,Health,EST,EU27,1
Estonia,2021,0.9,mock,Health,EST,EU27,1
Estonia,2022,0.9,mock,Health,EST,EU27,1
Estonia,2023,1.0,mock,Health,EST,EU27,1
Estonia,2024,1.1,mock,Health,EST,EU27,1
Estonia,2025,1.2,mock,Health,EST,EU27,1
Estonia,2026,1.3,mock,Health,EST,EU27,1
Switzerland,2016,1.9,mock,Health,CHE,Europe (non-EU),1
Switzerland,2017,1.9,mock,Health,CHE,Europe (non-EU),1
Switzerland,2018,2.0,mock,Health,CHE,Europe (non-EU),1
Switzerland,2019,2.0,mock,Health,CHE,Europe (non-EU),1
Switzerland,2020,2.1,mock,Health,CHE,Europe (non-EU),1
Switzerland,2021,2.1,mock,Health,CHE,Europe (non-EU),1
Switzerland,2022,2.1,mock,Health,CHE,Europe (non-EU),1
Switzerland,2023,2.3,mock,Health,CHE,Europe (non-EU),1
Switzerland,2024,2.3,mock,Health,CHE,Europe (non-EU),1
Switzerland,2025,2.4,mock,Health,CHE,Europe (non-EU),1
Switzerland,2026,2.5,mock,Health,CHE,Europe (non-EU),1
Norway,2016,0.8,mock,Health,NOR,Europe (non-EU),1
Norway,2017,0.9,mock,Health,NOR,Europe (non-EU),1
Norway,2018,1.0,mock,Health,NOR,Europe (non-EU),1
Norway,2019,1.1,mock,Health,NOR,Europe (non-EU),1
Norway,2020,1.2,mock,Health,NOR,Europe (non-EU),1
Norway,2021,1.3,mock,Health,NOR,Europe (non-EU),1
Norway,2022,1.5,mock,Health,NOR,Europe (non-EU),1
Norway,2023,1.7,mock,Health,NOR,Europe (non-EU),1
Norway,2024,1.9,mock,Health,NOR,Europe (non-EU),1
Norway,2025,2.1,mock,Health,NOR,Europe (non-EU),1
Norway,2026,2.4,mock,Health,NOR,Europe (non-EU),1
Turkey,2016,1.4,mock,Health,TUR,Europe (non-EU),1
Turkey,2017,1.5,mock,Health,TUR,Europe (non-EU),1
Turkey,2018,1.5,mock,Health,TUR,Europe (non-EU),1
Turkey,2019,1.5,mock,Health,TUR,Europe (non-EU),1
Turkey,2020,1.6,mock,Health,TUR,Europe (non-EU),1
Turkey,2021,1.7,mock,Health,TUR,Europe (non-EU),1
Turkey,2022,1.7,mock,Health,TUR,Europe (non-EU),1
Turkey,2023,1.9,mock,Health,TUR,Europe (non-EU),1
Turkey,2024,1.9,mock,Health,TUR,Europe (non-EU),1
Turkey,2025,2.1,mock,Health,TUR,Europe (non-EU),1
Turkey,2026,2.3,mock,Health,TUR,Europe (non-EU),1
Canada,2016,0.9,mock,Health,CAN,Americas,1
Canada,2017,1.0,mock,Health,CAN,Americas,1
Canada,2018,1.1,mock,Health,CAN,Americas,1
Canada,2019,1.2,mock,Health,CAN,Americas,1
Canada,2020,1.4,mock,Health,CAN,Americas,1
Canada,2021,1.5,mock,Health,CAN,Americas,1
Canada,2022,1.7,mock,Health,CAN,Americas,1
Canada,2023,1.8,mock,Health,CAN,Americas,1
Canada,2024,2.0,mock,Health,CAN,Americas,1
Canada,2025,2.2,mock,Health,CAN,Americas,1
Canada,2026,2.5,mock,Health,CAN,Americas,1
Mexico,2016,1.5,mock,Health,MEX,Americas,1
Mexico,2017,1.5,mock,Health,MEX,Americas,1
Mexico,2018,1.6,mock,Health,MEX,Americas,1
Mexico,2019,1.6,mock,Health,MEX,Americas,1
Mexico,2020,1.7,mock,Health,MEX,Americas,1
Mexico,2021,1.8,mock,Health,MEX,Americas,1
Mexico,2022,1.8,mock,Health,MEX,Americas,1
Mexico,2023,1.9,mock,Health,MEX,Americas,1
Mexico,2024,2.0,mock,Health,MEX,Americas,1
Mexico,2025,2.1,mock,Health,MEX,Americas,1
Mexico,2026,2.3,mock,Health,MEX,Americas,1
Brazil,2016,0.7,mock,Health,BRA,Americas,1
Brazil,2017,0.8,mock,Health,BRA,Americas,1
Brazil,2018,0.9,mock,Health,BRA,Americas,1
Brazil,2019,1.0,mock,Health,BRA,Americas,1
Brazil,2020,1.1,mock,Health,BRA,Americas,1
Brazil,2021,1.2,mock,Health,BRA,Americas,1
Brazil,2022,1.4,mock,Health,BRA,Americas,1
Brazil,2023,1.5,mock,Health,BRA,Americas,1
Brazil,2024,1.7,mock,Health,BRA,Americas,1
Brazil,2025,1.9,mock,Health,BRA,Americas,1
Brazil,2026,2.1,mock,Health,BRA,Americas,1
Argentina,2016,1.2,mock,Health,ARG,Americas,1
Argentina,2017,1.2,mock,Health,ARG,Americas,1
Argentina,2018,1.3,mock,Health,ARG,Americas,1
Argentina,2019,1.4,mock,Health,ARG,Americas,1
Argentina,2020,1.5,mock,Health,ARG,Americas,1
Argentina,2021,1.5,mock,Health,ARG,Americas,1
Argentina,2022,1.7,mock,Health,ARG,Americas,1
Argentina,2023,1.8,mock,Health,ARG,Americas,1
Argentina,2024,1.9,mock,Health,ARG,Americas,1
Argentina,2025,2.0,mock,Health,ARG,Americas,1
Argentina,2026,2.2,mock,Health,ARG,Americas,1
Chile,2016,0.6,mock,Health,CHL,Americas,1
Chile,2017,0.7,mock,Health,CHL,Americas,1
Chile,2018,0.8,mock,Health,CHL,Americas,1
Chile,2019,0.9,mock,Health,CHL,Americas,1
Chile,2020,0.9,mock,Health,CHL,Americas,1
Chile,2021,1.0,mock,Health,CHL,Americas,1
Chile,2022,1.2,mock,Health,CHL,Americas,1
Chile,2023,1.3,mock,Health,CHL,Americas,1
Chile,2024,1.4,mock,Health,CHL,Americas,1
Chile,2025,1.6,mock,Health,CHL,Americas,1
Chile,2026,1.8,mock,Health,CHL,Americas,1
Colombia,2016,0.6,mock,Health,COL,Americas,1
Colombia,2017,0.7,mock,Health,COL,Americas,1
Colombia,2018,0.8,mock,Health,COL,Americas,1
Colombia,2019,1.0,mock,Health,COL,Americas,1
Colombia,2020,1.1,mock,Health,COL,Americas,1
Colombia,2021,1.2,mock,Health,COL,Americas,1
Colombia,2022,1.5,mock,Health,COL,Americas,1
Colombia,2023,1.7,mock,Health,COL,Americas,1
Colombia,2024,1.9,mock,Health,COL,Americas,1
Colombia,2025,2.1,mock,Health,COL,Americas,1
Colombia,2026,2.4,mock,Health,COL,Americas,1
Peru,2016,0.3,mock,Health,PER,Americas,1
Peru,2017,0.4,mock,Health,PER,Americas,1
Peru,2018,0.4,mock,Health,PER,Americas,1
Peru,2019,0.4,mock,Health,PER,Americas,1
Peru,2020,0.5,mock,Health,PER,Americas,1
Peru,2021,0.6,mock,Health,PER,Americas,1
Peru,2022,0.7,mock,Health,PER,Americas,1
Peru,2023,0.7,mock,Health,PER,Americas,1
Peru,2024,0.8,mock,Health,PER,Americas,1
Peru,2025,0.9,mock,Health,PER,Americas,1
Peru,2026,1.0,mock,Health,PER,Americas,1
Australia,2016,0.5,mock,Health,AUS,Asia-Pacific,1
Australia,2017,0.5,mock,Health,AUS,Asia-Pacific,1
Australia,2018,0.6,mock,Health,AUS,Asia-Pacific,1
Australia,2019,0.7,mock,Health,AUS,Asia-Pacific,1
Australia,2020,0.8,mock,Health,AUS,Asia-Pacific,1
Australia,2021,0.9,mock,Health,AUS,Asia-Pacific,1
Australia,2022,1.0,mock,Health,AUS,Asia-Pacific,1
Australia,2023,1.2,mock,Health,AUS,Asia-Pacific,1
Australia,2024,1.4,mock,Health,AUS,Asia-Pacific,1
Australia,2025,1.7,mock,Health,AUS,Asia-Pacific,1
Australia,2026,1.9,mock,Health,AUS,Asia-Pacific,1
New Zealand,2016,0.7,mock,Health,NZL,Asia-Pacific,1
New Zealand,2017,0.7,mock,Health,NZL,Asia-Pacific,1
New Zealand,2018,0.8,mock,Health,NZL,Asia-Pacific,1
New Zealand,2019,0.8,mock,Health,NZL,Asia-Pacific,1
New Zealand,2020,0.9,mock,Health,NZL,Asia-Pacific,1
New Zealand,2021,1.0,mock,Health,NZL,Asia-Pacific,1
New Zealand,2022,1.1,mock,Health,NZL,Asia-Pacific,1
New Zealand,2023,1.2,mock,Health,NZL,Asia-Pacific,1
New Zealand,2024,1.3,mock,Health,NZL,Asia-Pacific,1
New Zealand,2025,1.4,mock,Health,NZL,Asia-Pacific,1
New Zealand,2026,1.5,mock,Health,NZL,Asia-Pacific,1
Japan,2016,1.1,mock,Health,JPN,Asia-Pacific,1
Japan,2017,1.2,mock,Health,JPN,Asia-Pacific,1
Japan,2018,1.3,mock,Health,JPN,Asia-Pacific,1
Japan,2019,1.3,mock,Health,JPN,Asia-Pacific,1
Japan,2020,1.4,mock,Health,JPN,Asia-Pacific,1
Japan,2021,1.5,mock,Health,JPN,Asia-Pacific,1
Japan,2022,1.6,mock,Health,JPN,Asia-Pacific,1
Japan,2023,1.8,mock,Health,JPN,Asia-Pacific,1
Japan,2024,1.9,mock,Health,JPN,Asia-Pacific,1
Japan,2025,2.1,mock,Health,JPN,Asia-Pacific,1
Japan,2026,2.3,mock,Health,JPN,Asia-Pacific,1
Singapore,2016,1.2,mock,Health,SGP,Asia-Pacific,1
Singapore,2017,1.2,mock,Health,SGP,Asia-Pacific,1
Singapore,2018,1.3,mock,Health,SGP,Asia-Pacific,1
Singapore,2019,1.3,mock,Health,SGP,Asia-Pacific,1
Singapore,2020,1.4,mock,Health,SGP,Asia-Pacific,1
Singapore,2021,1.5,mock,Health,SGP,Asia-Pacific,1
Singapore,2022,1.6,mock,Health,SGP,Asia-Pacific,1
Singapore,2023,1.7,mock,Health,SGP,Asia-Pacific,1
Singapore,2024,1.9,mock,Health,SGP,Asia-Pacific,1
Singapore,2025,2.1,mock,Health,SGP,Asia-Pacific,1
Singapore,2026,2.3,mock,Health,SGP,Asia-Pacific,1
Indonesia,2016,0.7,mock,Health,IDN,Asia-Pacific,1
Indonesia,2017,0.8,mock,Health,IDN,Asia-Pacific,1
Indonesia,2018,0.8,mock,Health,IDN,Asia-Pacific,1
Indonesia,2019,0.8,mock,Health,IDN,Asia-Pacific,1
Indonesia,2020,0.9,mock,Health,IDN,Asia-Pacific,1
Indonesia,2021,0.9,mock,Health,IDN,Asia-Pacific,1
Indonesia,2022,1.0,mock,Health,IDN,Asia-Pacific,1
Indonesia,2023,1.0,mock,Health,IDN,Asia-Pacific,1
Indonesia,2024,1.1,mock,Health,IDN,Asia-Pacific,1
Indonesia,2025,1.2,mock,Health,IDN,Asia-Pacific,1
Indonesia,2026,1.2,mock,Health,IDN,Asia-Pacific,1
Philippines,2016,0.5,mock,Health,PHL,Asia-Pacific,1
Philippines,2017,0.6,mock,Health,PHL,Asia-Pacific,1
Philippines,2018,0.6,mock,Health,PHL,Asia-Pacific,1
Philippines,2019,0.6,mock,Health,PHL,Asia-Pacific,1
Philippines,2020,0.6,mock,Health,PHL,Asia-Pacific,1
Philippines,2021,0.6,mock,Health,PHL,Asia-Pacific,1
Philippines,2022,0.7,mock,Health,PHL,Asia-Pacific,1
Philippines,2023,0.7,mock,Health,PHL,Asia-Pacific,1
Philippines,2024,0.8,mock,Health,PHL,Asia-Pacific,1
Philippines,2025,0.8,mock,Health,PHL,Asia-Pacific,1
Philippines,2026,0.9,mock,Health,PHL,Asia-Pacific,1
Malaysia,2016,0.5,mock,Health,MYS,Asia-Pacific,1
Malaysia,2017,0.5,mock,Health,MYS,Asia-Pacific,1
Malaysia,2018,0.6,mock,Health,MYS,Asia-Pacific,1
Malaysia,2019,0.6,mock,Health,MYS,Asia-Pacific,1
Malaysia,2020,0.7,mock,Health,MYS,Asia-Pacific,1
Malaysia,2021,0.7,mock,Health,MYS,Asia-Pacific,1
Malaysia,2022,0.8,mock,Health,MYS,Asia-Pacific,1
Malaysia,2023,0.8,mock,Health,MYS,Asia-Pacific,1
Malaysia,2024,0.9,mock,Health,MYS,Asia-Pacific,1
Malaysia,2025,1.0,mock,Health,MYS,Asia-Pacific,1
Malaysia,2026,1.0,mock,Health,MYS,Asia-Pacific,1
United Arab Emirates,2016,0.7,mock,Health,ARE,Middle East,1
United Arab Emirates,2017,0.8,mock,Health,ARE,Middle East,1
United Arab Emirates,2018,0.8,mock,Health,ARE,Middle East,1
United Arab Emirates,2019,0.9,mock,Health,ARE,Middle East,1
United Arab Emirates,2020,1.0,mock,Health,ARE,Middle East,1
United Arab Emirates,2021,1.1,mock,Health,ARE,Middle East,1
United Arab Emirates,2022,1.3,mock,Health,ARE,Middle East,1
United Arab Emirates,2023,1.5,mock,Health,ARE,Middle East,1
United Arab Emirates,2024,1.7,mock,Health,ARE,Middle East,1
United Arab Emirates,2025,1.9,mock,Health,ARE,Middle East,1
United Arab Emirates,2026,2.2,mock,Health,ARE,Middle East,1
Saudi Arabia,2016,0.8,mock,Health,SAU,Middle East,1
Saudi Arabia,2017,0.8,mock,Health,SAU,Middle East,1
Saudi Arabia,2018,0.9,mock,Health,SAU,Middle East,1
Saudi Arabia,2019,1.0,mock,Health,SAU,Middle East,1
Saudi Arabia,2020,1.0,mock,Health,SAU,Middle East,1
Saudi Arabia,2021,1.1,mock,Health,SAU,Middle East,1
Saudi Arabia,2022,1.1,mock,Health,SAU,Middle East,1
Saudi Arabia,2023,1.2,mock,Health,SAU,Middle East,1
Saudi Arabia,2024,1.4,mock,Health,SAU,Middle East,1
Saudi Arabia,2025,1.4,mock,Health,SAU,Middle East,1
Saudi Arabia,2026,1.6,mock,Health,SAU,Middle East,1
Israel,2016,0.7,mock,Health,ISR,Middle East,1
Israel,2017,0.8,mock,Health,ISR,Middle East,1
Israel,2018,0.8,mock,Health,ISR,Middle East,1
Israel,2019,0.9,mock,Health,ISR,Middle East,1
Israel,2020,1.1,mock,Health,ISR,Middle East,1
Israel,2021,1.2,mock,Health,ISR,Middle East,1
Israel,2022,1.4,mock,Health,ISR,Middle East,1
Israel,2023,1.6,mock,Health,ISR,Middle East,1
Israel,2024,1.8,mock,Health,ISR,Middle East,1
Israel,2025,2.0,mock,Health,ISR,Middle East,1
Israel,2026,2.3,mock,Health,ISR,Middle East,1
Qatar,2016,1.1,mock,Health,QAT,Middle East,1
Qatar,2017,1.1,mock,Health,QAT,Middle East,1
Qatar,2018,1.1,mock,Health,QAT,Middle East,1
Qatar,2019,1.2,mock,Health,QAT,Middle East,1
Qatar,2020,1.2,mock,Health,QAT,Middle East,1
Qatar,2021,1.3,mock,Health,QAT,Middle East,1
Qatar,2022,1.3,mock,Health,QAT,Middle East,1
Qatar,2023,1.4,mock,Health,QAT,Middle East,1
Qatar,2024,1.5,mock,Health,QAT,Middle East,1
Qatar,2025,1.6,mock,Health,QAT,Middle East,1
Qatar,2026,1.7,mock,Health,QAT,Middle East,1
South Africa,2016,0.7,mock,Health,ZAF,Africa,1
South Africa,2017,0.7,mock,Health,ZAF,Africa,1
South Africa,2018,0.8,mock,Health,ZAF,Africa,1
South Africa,2019,0.8,mock,Health,ZAF,Africa,1
South Africa,2020,0.9,mock,Health,ZAF,Africa,1
South Africa,2021,0.9,mock,Health,ZAF,Africa,1
South Africa,2022,1.0,mock,Health,ZAF,Africa,1
South Africa,2023,1.0,mock,Health,ZAF,Africa,1
South Africa,2024,1.2,mock,Health,ZAF,Africa,1
South Africa,2025,1.2,mock,Health,ZAF,Africa,1
South Africa,2026,1.4,mock,Health,ZAF,Africa,1
Nigeria,2016,0.5,mock,Health,NGA,Africa,1
Nigeria,2017,0.6,mock,Health,NGA,Africa,1
Nigeria,2018,0.6,mock,Health,NGA,Africa,1
Nigeria,2019,0.7,mock,Health,NGA,Africa,1
Nigeria,2020,0.8,mock,Health,NGA,Africa,1
Nigeria,2021,0.9,mock,Health,NGA,Africa,1
Nigeria,2022,1.0,mock,Health,NGA,Africa,1
Nigeria,2023,1.1,mock,Health,NGA,Africa,1
Nigeria,2024,1.3,mock,Health,NGA,Africa,1
Nigeria,2025,1.5,mock,Health,NGA,Africa,1
Nigeria,2026,1.7,mock,Health,NGA,Africa,1
Egypt,2016,0.4,mock,Health,EGY,Africa,1
Egypt,2017,0.5,mock,Health,EGY,Africa,1
Egypt,2018,0.5,mock,Health,EGY,Africa,1
Egypt,2019,0.6,mock,Health,EGY,Africa,1
Egypt,2020,0.7,mock,Health,EGY,Africa,1
Egypt,2021,0.9,mock,Health,EGY,Africa,1
Egypt,2022,1.0,mock,Health,EGY,Africa,1
Egypt,2023,1.1,mock,Health,EGY,Africa,1
Egypt,2024,1.3,mock,Health,EGY,Africa,1
Egypt,2025,1.5,mock,Health,EGY,Africa,1
Egypt,2026,1.6,mock,Health,EGY,Africa,1
Kenya,2016,0.3,mock,Health,KEN,Africa,1
Kenya,2017,0.4,mock,Health,KEN,Africa,1
Kenya,2018,0.5,mock,Health,KEN,Africa,1
Kenya,2019,0.6,mock,Health,KEN,Africa,1
Kenya,2020,0.7,mock,Health,KEN,Africa,1
Kenya,2021,0.8,mock,Health,KEN,Africa,1
Kenya,2022,0.9,mock,Health,KEN,Africa,1
Kenya,2023,1.0,mock,Health,KEN,Africa,1
Kenya,2024,1.2,mock,Health,KEN,Africa,1
Kenya,2025,1.3,mock,Health,KEN,Africa,1
Kenya,2026,1.5,mock,Health,KEN,Africa,1
France,2016,0.7,mock,Education,FRA,EU27,1
France,2017,0.8,mock,Education,FRA,EU27,1
France,2018,0.9,mock,Education,FRA,EU27,1
France,2019,1.0,mock,Education,FRA,EU27,1
France,2020,1.1,mock,Education,FRA,EU27,1
France,2021,1.2,mock,Education,FRA,EU27,1
France,2022,1.4,mock,Education,FRA,EU27,1
France,2023,1.5,mock,Education,FRA,EU27,1
France,2024,1.6,mock,Education,FRA,EU27,1
France,2025,1.8,mock,Education,FRA,EU27,1
France,2026,2.0,mock,Education,FRA,EU27,1
Germany,2016,0.7,mock,Education,DEU,EU27,1
Germany,2017,0.7,mock,Education,DEU,EU27,1
Germany,2018,0.8,mock,Education,DEU,EU27,1
Germany,2019,0.9,mock,Education,DEU,EU27,1
Germany,2020,1.0,mock,Education,DEU,EU27,1
Germany,2021,1.0,mock,Education,DEU,EU27,1
Germany,2022,1.1,mock,Education,DEU,EU27,1
Germany,2023,1.2,mock,Education,DEU,EU27,1
Germany,2024,1.4,mock,Education,DEU,EU27,1
Germany,2025,1.5,mock,Education,DEU,EU27,1
Germany,2026,1.7,mock,Education,DEU,EU27,1
India,2016,0.6,mock,Education,IND,Asia-Pacific,1
India,2017,0.6,mock,Education,IND,Asia-Pacific,1
India,2018,0.8,mock,Education,IND,Asia-Pacific,1
India,2019,0.9,mock,Education,IND,Asia-Pacific,1
India,2020,1.0,mock,Education,IND,Asia-Pacific,1
India,2021,1.2,mock,Education,IND,Asia-Pacific,1
India,2022,1.4,mock,Education,IND,Asia-Pacific,1
India,2023,1.6,mock,Education,IND,Asia-Pacific,1
India,2024,1.9,mock,Education,IND,Asia-Pacific,1
India,2025,2.2,mock,Education,IND,Asia-Pacific,1
India,2026,2.6,mock,Education,IND,Asia-Pacific,1
United Kingdom,2016,1.3,mock,Education,GBR,Europe (non-EU),1
United Kingdom,2017,1.4,mock,Education,GBR,Europe (non-EU),1
United Kingdom,2018,1.4,mock,Education,GBR,Europe (non-EU),1
United Kingdom,2019,1.6,mock,Education,GBR,Europe (non-EU),1
United Kingdom,2020,1.7,mock,Education,GBR,Europe (non-EU),1
United Kingdom,2021,1.9,mock,Education,GBR,Europe (non-EU),1
United Kingdom,2022,2.0,mock,Education,GBR,Europe (non-EU),1
United Kingdom,2023,2.2,mock,Education,GBR,Europe (non-EU),1
United Kingdom,2024,2.4,mock,Education,GBR,Europe (non-EU),1
United Kingdom,2025,2.7,mock,Education,GBR,Europe (non-EU),1
United Kingdom,2026,3.0,mock,Education,GBR,Europe (non-EU),1
United States,2016,1.1,mock,Education,USA,Americas,1
United States,2017,1.1,mock,Education,USA,Americas,1
United States,2018,1.3,mock,Education,USA,Americas,1
United States,2019,1.4,mock,Education,USA,Americas,1
United States,2020,1.5,mock,Education,USA,Americas,1
United States,2021,1.6,mock,Education,USA,Americas,1
United States,2022,1.8,mock,Education,USA,Americas,1
United States,2023,1.9,mock,Education,USA,Americas,1
United States,2024,2.1,mock,Education,USA,Americas,1
United States,2025,2.2,mock,Education,USA,Americas,1
United States,2026,2.5,mock,Education,USA,Americas,1
Spain,2016,0.9,mock,Education,ESP,EU27,1
Spain,2017,0.9,mock,Education,ESP,EU27,1
Spain,2018,1.0,mock,Education,ESP,EU27,1
Spain,2019,1.1,mock,Education,ESP,EU27,1
Spain,2020,1.2,mock,Education,ESP,EU27,1
Spain,2021,1.3,mock,Education,ESP,EU27,1
Spain,2022,1.4,mock,Education,ESP,EU27,1
Spain,2023,1.5,mock,Education,ESP,EU27,1
Spain,2024,1.7,mock,Education,ESP,EU27,1
Spain,2025,1.9,mock,Education,ESP,EU27,1
Spain,2026,2.0,mock,Education,ESP,EU27,1
Italy,2016,0.9,mock,Education,ITA,EU27,1
Italy,2017,1.0,mock,Education,ITA,EU27,1
Italy,2018,1.0,mock,Education,ITA,EU27,1
Italy,2019,1.1,mock,Education,ITA,EU27,1
Italy,2020,1.1,mock,Education,ITA,EU27,1
Italy,2021,1.2,mock,Education,ITA,EU27,1
Italy,2022,1.3,mock,Education,ITA,EU27,1
Italy,2023,1.4,mock,Education,ITA,EU27,1
Italy,2024,1.4,mock,Education,ITA,EU27,1
Italy,2025,1.6,mock,Education,ITA,EU27,1
Italy,2026,1.7,mock,Education,ITA,EU27,1
Netherlands,2016,1.3,mock,Education,NLD,EU27,1
Netherlands,2017,1.4,mock,Education,NLD,EU27,1
Netherlands,2018,1.4,mock,Education,NLD,EU27,1
Netherlands,2019,1.5,mock,Education,NLD,EU27,1
Netherlands,2020,1.6,mock,Education,NLD,EU27,1
Netherlands,2021,1.7,mock,Education,NLD,EU27,1
Netherlands,2022,1.8,mock,Education,NLD,EU27,1
Netherlands,2023,1.9,mock,Education,NLD,EU27,1
Netherlands,2024,2.1,mock,Education,NLD,EU27,1
Netherlands,2025,2.3,mock,Education,NLD,EU27,1
Netherlands,2026,2.5,mock,Education,NLD,EU27,1
Belgium,2016,1.0,mock,Education,BEL,EU27,1
Belgium,2017,1.1,mock,Education,BEL,EU27,1
Belgium,2018,1.2,mock,Education,BEL,EU27,1
Belgium,2019,1.4,mock,Education,BEL,EU27,1
Belgium,2020,1.4,mock,Education,BEL,EU27,1
Belgium,2021,1.6,mock,Education,BEL,EU27,1
Belgium,2022,1.8,mock,Education,BEL,EU27,1
Belgium,2023,1.9,mock,Education,BEL,EU27,1
Belgium,2024,2.1,mock,Education,BEL,EU27,1
Belgium,2025,2.3,mock,Education,BEL,EU27,1
Belgium,2026,2.5,mock,Education,BEL,EU27,1
Sweden,2016,0.8,mock,Education,SWE,EU27,1
Sweden,2017,0.9,mock,Education,SWE,EU27,1
Sweden,2018,1.0,mock,Education,SWE,EU27,1
Sweden,2019,1.1,mock,Education,SWE,EU27,1
Sweden,2020,1.2,mock,Education,SWE,EU27,1
Sweden,2021,1.4,mock,Education,SWE,EU27,1
Sweden,2022,1.6,mock,Education,SWE,EU27,1
Sweden,2023,1.8,mock,Education,SWE,EU27,1
Sweden,2024,2.0,mock,Education,SWE,EU27,1
Sweden,2025,2.3,mock,Education,SWE,EU27,1
Sweden,2026,2.7,mock,Education,SWE,EU27,1
Poland,2016,0.2,mock,Education,POL,EU27,1
Poland,2017,0.3,mock,Education,POL,EU27,1
Poland,2018,0.5,mock,Education,POL,EU27,1
Poland,2019,0.6,mock,Education,POL,EU27,1
Poland,2020,0.8,mock,Education,POL,EU27,1
Poland,2021,0.9,mock,Education,POL,EU27,1
Poland,2022,1.1,mock,Education,POL,EU27,1
Poland,2023,1.3,mock,Education,POL,EU27,1
Poland,2024,1.4,mock,Education,POL,EU27,1
Poland,2025,1.7,mock,Education,POL,EU27,1
Poland,2026,1.9,mock,Education,POL,EU27,1
Ireland,2016,0.9,mock,Education,IRL,EU27,1
Ireland,2017,1.0,mock,Education,IRL,EU27,1
Ireland,2018,1.1,mock,Education,IRL,EU27,1
Ireland,2019,1.2,mock,Education,IRL,EU27,1
Ireland,2020,1.3,mock,Education,IRL,EU27,1
Ireland,2021,1.5,mock,Education,IRL,EU27,1
Ireland,2022,1.6,mock,Education,IRL,EU27,1
Ireland,2023,1.8,mock,Education,IRL,EU27,1
Ireland,2024,1.9,mock,Education,IRL,EU27,1
Ireland,2025,2.1,mock,Education,IRL,EU27,1
Ireland,2026,2.3,mock,Education,IRL,EU27,1
Portugal,2016,0.5,mock,Education,PRT,EU27,1
Portugal,2017,0.6,mock,Education,PRT,EU27,1
Portugal,2018,0.8,mock,Education,PRT,EU27,1
Portugal,2019,0.9,mock,Education,PRT,EU27,1
Portugal,2020,0.9,mock,Education,PRT,EU27,1
Portugal,2021,1.1,mock,Education,PRT,EU27,1
Portugal,2022,1.2,mock,Education,PRT,EU27,1
Portugal,2023,1.4,mock,Education,PRT,EU27,1
Portugal,2024,1.6,mock,Education,PRT,EU27,1
Portugal,2025,1.7,mock,Education,PRT,EU27,1
Portugal,2026,1.9,mock,Education,PRT,EU27,1
Denmark,2016,0.5,mock,Education,DNK,EU27,1
Denmark,2017,0.5,mock,Education,DNK,EU27,1
Denmark,2018,0.6,mock,Education,DNK,EU27,1
Denmark,2019,0.7,mock,Education,DNK,EU27,1
Denmark,2020,0.7,mock,Education,DNK,EU27,1
Denmark,2021,0.8,mock,Education,DNK,EU27,1
Denmark,2022,0.9,mock,Education,DNK,EU27,1
Denmark,2023,1.0,mock,Education,DNK,EU27,1
Denmark,2024,1.2,mock,Education,DNK,EU27,1
Denmark,2025,1.3,mock,Education,DNK,EU27,1
Denmark,2026,1.4,mock,Education,DNK,EU27,1
Austria,2016,1.3,mock,Education,AUT,EU27,1
Austria,2017,1.3,mock,Education,AUT,EU27,1
Austria,2018,1.4,mock,Education,AUT,EU27,1
Austria,2019,1.5,mock,Education,AUT,EU27,1
Austria,2020,1.6,mock,Education,AUT,EU27,1
Austria,2021,1.7,mock,Education,AUT,EU27,1
Austria,2022,1.8,mock,Education,AUT,EU27,1
Austria,2023,2.0,mock,Education,AUT,EU27,1
Austria,2024,2.2,mock,Education,AUT,EU27,1
Austria,2025,2.4,mock,Education,AUT,EU27,1
Austria,2026,2.5,mock,Education,AUT,EU27,1
Finland,2016,1.1,mock,Education,FIN,EU27,1
Finland,2017,1.2,mock,Education,FIN,EU27,1
Finland,2018,1.3,mock,Education,FIN,EU27,1
Finland,2019,1.5,mock,Education,FIN,EU27,1
Finland,2020,1.5,mock,Education,FIN,EU27,1
Finland,2021,1.7,mock,Education,FIN,EU27,1
Finland,2022,1.8,mock,Education,FIN,EU27,1
Finland,2023,2.0,mock,Education,FIN,EU27,1
Finland,2024,2.2,mock,Education,FIN,EU27,1
Finland,2025,2.4,mock,Education,FIN,EU27,1
Finland,2026,2.5,mock,Education,FIN,EU27,1
Czechia,2016,0.6,mock,Education,CZE,EU27,1
Czechia,2017,0.7,mock,Education,CZE,EU27,1
Czechia,2018,0.7,mock,Education,CZE,EU27,1
Czechia,2019,0.8,mock,Education,CZE,EU27,1
Czechia,2020,0.9,mock,Education,CZE,EU27,1
Czechia,2021,1.0,mock,Education,CZE,EU27,1
Czechia,2022,1.1,mock,Education,CZE,EU27,1
Czechia,2023,1.1,mock,Education,CZE,EU27,1
Czechia,2024,1.3,mock,Education,CZE,EU27,1
Czechia,2025,1.4,mock,Education,CZE,EU27,1
Czechia,2026,1.6,mock,Education,CZE,EU27,1
Romania,2016,1.1,mock,Education,ROU,EU27,1
Romania,2017,1.2,mock,Education,ROU,EU27,1
Romania,2018,1.2,mock,Education,ROU,EU27,1
Romania,2019,1.3,mock,Education,ROU,EU27,1
Romania,2020,1.4,mock,Education,ROU,EU27,1
Romania,2021,1.6,mock,Education,ROU,EU27,1
Romania,2022,1.7,mock,Education,ROU,EU27,1
Romania,2023,1.8,mock,Education,ROU,EU27,1
Romania,2024,2.0,mock,Education,ROU,EU27,1
Romania,2025,2.2,mock,Education,ROU,EU27,1
Romania,2026,2.4,mock,Education,ROU,EU27,1
Greece,2016,0.7,mock,Education,GRC,EU27,1
Greece,2017,0.8,mock,Education,GRC,EU27,1
Greece,2018,0.8,mock,Education,GRC,EU27,1
Greece,2019,0.9,mock,Education,GRC,EU27,1
Greece,2020,1.0,mock,Education,GRC,EU27,1
Greece,2021,1.2,mock,Education,GRC,EU27,1
Greece,2022,1.3,mock,Education,GRC,EU27,1
Greece,2023,1.4,mock,Education,GRC,EU27,1
Greece,2024,1.5,mock,Education,GRC,EU27,1
Greece,2025,1.7,mock,Education,GRC,EU27,1
Greece,2026,1.9,mock,Education,GRC,EU27,1
Hungary,2016,0.9,mock,Education,HUN,EU27,1
Hungary,2017,0.9,mock,Education,HUN,EU27,1
Hungary,2018,1.0,mock,Education,HUN,EU27,1
Hungary,2019,1.0,mock,Education,HUN,EU27,1
Hungary,2020,1.0,mock,Education,HUN,EU27,1
Hungary,2021,1.1,mock,Education,HUN,EU27,1
Hungary,2022,1.2,mock,Education,HUN,EU27,1
Hungary,2023,1.2,mock,Education,HUN,EU27,1
Hungary,2024,1.3,mock,Education,HUN,EU27,1
Hungary,2025,1.4,mock,Education,HUN,EU27,1
Hungary,2026,1.5,mock,Education,HUN,EU27,1
Bulgaria,2016,0.4,mock,Education,BGR,EU27,1
Bulgaria,2017,0.4,mock,Education,BGR,EU27,1
Bulgaria,2018,0.4,mock,Education,BGR,EU27,1
Bulgaria,2019,0.5,mock,Education,BGR,EU27,1
Bulgaria,2020,0.6,mock,Education,BGR,EU27,1
Bulgaria,2021,0.6,mock,Education,BGR,EU27,1
Bulgaria,2022,0.7,mock,Education,BGR,EU27,1
Bulgaria,2023,0.8,mock,Education,BGR,EU27,1
Bulgaria,2024,0.8,mock,Education,BGR,EU27,1
Bulgaria,2025,0.9,mock,Education,BGR,EU27,1
Bulgaria,2026,1.0,mock,Education,BGR,EU27,1
Croatia,2016,0.7,mock,Education,HRV,EU27,1
Croatia,2017,0.8,mock,Education,HRV,EU27,1
Croatia,2018,0.9,mock,Education,HRV,EU27,1
Croatia,2019,1.0,mock,Education,HRV,EU27,1
Croatia,2020,1.1,mock,Education,HRV,EU27,1
Croatia,2021,1.2,mock,Education,HRV,EU27,1
Croatia,2022,1.4,mock,Education,HRV,EU27,1
Croatia,2023,1.5,mock,Education,HRV,EU27,1
Croatia,2024,1.7,mock,Education,HRV,EU27,1
Croatia,2025,1.9,mock,Education,HRV,EU27,1
Croatia,2026,2.1,mock,Education,HRV,EU27,1
Slovakia,2016,1.5,mock,Education,SVK,EU27,1
Slovakia,2017,1.6,mock,Education,SVK,EU27,1
Slovakia,2018,1.6,mock,Education,SVK,EU27,1
Slovakia,2019,1.7,mock,Education,SVK,EU27,1
Slovakia,2020,1.8,mock,Education,SVK,EU27,1
Slovakia,2021,1.9,mock,Education,SVK,EU27,1
Slovakia,2022,2.0,mock,Education,SVK,EU27,1
Slovakia,2023,2.1,mock,Education,SVK,EU27,1
Slovakia,2024,2.2,mock,Education,SVK,EU27,1
Slovakia,2025,2.4,mock,Education,SVK,EU27,1
Slovakia,2026,2.6,mock,Education,SVK,EU27,1
Lithuania,2016,0.8,mock,Education,LTU,EU27,1
Lithuania,2017,0.9,mock,Education,LTU,EU27,1
Lithuania,2018,0.9,mock,Education,LTU,EU27,1
Lithuania,2019,1.0,mock,Education,LTU,EU27,1
Lithuania,2020,1.2,mock,Education,LTU,EU27,1
Lithuania,2021,1.3,mock,Education,LTU,EU27,1
Lithuania,2022,1.4,mock,Education,LTU,EU27,1
Lithuania,2023,1.5,mock,Education,LTU,EU27,1
Lithuania,2024,1.7,mock,Education,LTU,EU27,1
Lithuania,2025,1.9,mock,Education,LTU,EU27,1
Lithuania,2026,2.1,mock,Education,LTU,EU27,1
Estonia,2016,0.7,mock,Education,EST,EU27,1
Estonia,2017,0.8,mock,Education,EST,EU27,1
Estonia,2018,0.8,mock,Education,EST,EU27,1
Estonia,2019,0.9,mock,Education,EST,EU27,1
Estonia,2020,1.0,mock,Education,EST,EU27,1
Estonia,2021,1.1,mock,Education,EST,EU27,1
Estonia,2022,1.2,mock,Education,EST,EU27,1
Estonia,2023,1.4,mock,Education,EST,EU27,1
Estonia,2024,1.5,mock,Education,EST,EU27,1
Estonia,2025,1.6,mock,Education,EST,EU27,1
Estonia,2026,1.8,mock,Education,EST,EU27,1
Switzerland,2016,1.1,mock,Education,CHE,Europe (non-EU),1
Switzerland,2017,1.2,mock,Education,CHE,Europe (non-EU),1
Switzerland,2018,1.3,mock,Education,CHE,Europe (non-EU),1
Switzerland,2019,1.4,mock,Education,CHE,Europe (non-EU),1
Switzerland,2020,1.5,mock,Education,CHE,Europe (non-EU),1
Switzerland,2021,1.7,mock,Education,CHE,Europe (non-EU),1
Switzerland,2022,1.8,mock,Education,CHE,Europe (non-EU),1
Switzerland,2023,2.0,mock,Education,CHE,Europe (non-EU),1
Switzerland,2024,2.1,mock,Education,CHE,Europe (non-EU),1
Switzerland,2025,2.3,mock,Education,CHE,Europe (non-EU),1
Switzerland,2026,2.5,mock,Education,CHE,Europe (non-EU),1
Norway,2016,1.0,mock,Education,NOR,Europe (non-EU),1
Norway,2017,1.1,mock,Education,NOR,Europe (non-EU),1
Norway,2018,1.2,mock,Education,NOR,Europe (non-EU),1
Norway,2019,1.3,mock,Education,NOR,Europe (non-EU),1
Norway,2020,1.4,mock,Education,NOR,Europe (non-EU),1
Norway,2021,1.4,mock,Education,NOR,Europe (non-EU),1
Norway,2022,1.5,mock,Education,NOR,Europe (non-EU),1
Norway,2023,1.6,mock,Education,NOR,Europe (non-EU),1
Norway,2024,1.7,mock,Education,NOR,Europe (non-EU),1
Norway,2025,1.9,mock,Education,NOR,Europe (non-EU),1
Norway,2026,2.0,mock,Education,NOR,Europe (non-EU),1
Turkey,2016,1.0,mock,Education,TUR,Europe (non-EU),1
Turkey,2017,1.1,mock,Education,TUR,Europe (non-EU),1
Turkey,2018,1.2,mock,Education,TUR,Europe (non-EU),1
Turkey,2019,1.3,mock,Education,TUR,Europe (non-EU),1
Turkey,2020,1.4,mock,Education,TUR,Europe (non-EU),1
Turkey,2021,1.5,mock,Education,TUR,Europe (non-EU),1
Turkey,2022,1.7,mock,Education,TUR,Europe (non-EU),1
Turkey,2023,1.9,mock,Education,TUR,Europe (non-EU),1
Turkey,2024,2.2,mock,Education,TUR,Europe (non-EU),1
Turkey,2025,2.4,mock,Education,TUR,Europe (non-EU),1
Turkey,2026,2.7,mock,Education,TUR,Europe (non-EU),1
Canada,2016,1.1,mock,Education,CAN,Americas,1
Canada,2017,1.1,mock,Education,CAN,Americas,1
Canada,2018,1.2,mock,Education,CAN,Americas,1
Canada,2019,1.3,mock,Education,CAN,Americas,1
Canada,2020,1.4,mock,Education,CAN,Americas,1
Canada,2021,1.5,mock,Education,CAN,Americas,1
Canada,2022,1.7,mock,Education,CAN,Americas,1
Canada,2023,1.9,mock,Education,CAN,Americas,1
Canada,2024,2.1,mock,Education,CAN,Americas,1
Canada,2025,2.4,mock,Education,CAN,Americas,1
Canada,2026,2.7,mock,Education,CAN,Americas,1
Mexico,2016,1.1,mock,Education,MEX,Americas,1
Mexico,2017,1.2,mock,Education,MEX,Americas,1
Mexico,2018,1.3,mock,Education,MEX,Americas,1
Mexico,2019,1.3,mock,Education,MEX,Americas,1
Mexico,2020,1.4,mock,Education,MEX,Americas,1
Mexico,2021,1.5,mock,Education,MEX,Americas,1
Mexico,2022,1.7,mock,Education,MEX,Americas,1
Mexico,2023,1.8,mock,Education,MEX,Americas,1
Mexico,2024,2.0,mock,Education,MEX,Americas,1
Mexico,2025,2.2,mock,Education,MEX,Americas,1
Mexico,2026,2.4,mock,Education,MEX,Americas,1
Brazil,2016,0.8,mock,Education,BRA,Americas,1
Brazil,2017,0.8,mock,Education,BRA,Americas,1
Brazil,2018,0.9,mock,Education,BRA,Americas,1
Brazil,2019,0.9,mock,Education,BRA,Americas,1
Brazil,2020,1.0,mock,Education,BRA,Americas,1
Brazil,2021,1.2,mock,Education,BRA,Americas,1
Brazil,2022,1.2,mock,Education,BRA,Americas,1
Brazil,2023,1.4,mock,Education,BRA,Americas,1
Brazil,2024,1.6,mock,Education,BRA,Americas,1
Brazil,2025,1.8,mock,Education,BRA,Americas,1
Brazil,2026,2.0,mock,Education,BRA,Americas,1
Argentina,2016,1.0,mock,Education,ARG,Americas,1
Argentina,2017,1.1,mock,Education,ARG,Americas,1
Argentina,2018,1.2,mock,Education,ARG,Americas,1
Argentina,2019,1.4,mock,Education,ARG,Americas,1
Argentina,2020,1.5,mock,Education,ARG,Americas,1
Argentina,2021,1.6,mock,Education,ARG,Americas,1
Argentina,2022,1.8,mock,Education,ARG,Americas,1
Argentina,2023,2.0,mock,Education,ARG,Americas,1
Argentina,2024,2.2,mock,Education,ARG,Americas,1
Argentina,2025,2.5,mock,Education,ARG,Americas,1
Argentina,2026,2.8,mock,Education,ARG,Americas,1
Chile,2016,0.8,mock,Education,CHL,Americas,1
Chile,2017,0.9,mock,Education,CHL,Americas,1
Chile,2018,0.9,mock,Education,CHL,Americas,1
Chile,2019,1.0,mock,Education,CHL,Americas,1
Chile,2020,1.1,mock,Education,CHL,Americas,1
Chile,2021,1.1,mock,Education,CHL,Americas,1
Chile,2022,1.2,mock,Education,CHL,Americas,1
Chile,2023,1.3,mock,Education,CHL,Americas,1
Chile,2024,1.4,mock,Education,CHL,Americas,1
Chile,2025,1.5,mock,Education,CHL,Americas,1
Chile,2026,1.7,mock,Education,CHL,Americas,1
Colombia,2016,0.5,mock,Education,COL,Americas,1
Colombia,2017,0.6,mock,Education,COL,Americas,1
Colombia,2018,0.7,mock,Education,COL,Americas,1
Colombia,2019,0.9,mock,Education,COL,Americas,1
Colombia,2020,1.0,mock,Education,COL,Americas,1
Colombia,2021,1.2,mock,Education,COL,Americas,1
Colombia,2022,1.3,mock,Education,COL,Americas,1
Colombia,2023,1.5,mock,Education,COL,Americas,1
Colombia,2024,1.7,mock,Education,COL,Americas,1
Colombia,2025,1.9,mock,Education,COL,Americas,1
Colombia,2026,2.2,mock,Education,COL,Americas,1
Peru,2016,0.6,mock,Education,PER,Americas,1
Peru,2017,0.6,mock,Education,PER,Americas,1
Peru,2018,0.7,mock,Education,PER,Americas,1
Peru,2019,0.7,mock,Education,PER,Americas,1
Peru,2020,0.8,mock,Education,PER,Americas,1
Peru,2021,0.9,mock,Education,PER,Americas,1
Peru,2022,1.0,mock,Education,PER,Americas,1
Peru,2023,1.1,mock,Education,PER,Americas,1
Peru,2024,1.2,mock,Education,PER,Americas,1
Peru,2025,1.4,mock,Education,PER,Americas,1
Peru,2026,1.6,mock,Education,PER,Americas,1
Australia,2016,0.7,mock,Education,AUS,Asia-Pacific,1
Australia,2017,0.8,mock,Education,AUS,Asia-Pacific,1
Australia,2018,0.9,mock,Education,AUS,Asia-Pacific,1
Australia,2019,1.0,mock,Education,AUS,Asia-Pacific,1
Australia,2020,1.2,mock,Education,AUS,Asia-Pacific,1
Australia,2021,1.3,mock,Education,AUS,Asia-Pacific,1
Australia,2022,1.5,mock,Education,AUS,Asia-Pacific,1
Australia,2023,1.6,mock,Education,AUS,Asia-Pacific,1
Australia,2024,1.9,mock,Education,AUS,Asia-Pacific,1
Australia,2025,2.1,mock,Education,AUS,Asia-Pacific,1
Australia,2026,2.4,mock,Education,AUS,Asia-Pacific,1
New Zealand,2016,0.8,mock,Education,NZL,Asia-Pacific,1
New Zealand,2017,0.9,mock,Education,NZL,Asia-Pacific,1
New Zealand,2018,0.9,mock,Education,NZL,Asia-Pacific,1
New Zealand,2019,1.0,mock,Education,NZL,Asia-Pacific,1
New Zealand,2020,1.0,mock,Education,NZL,Asia-Pacific,1
New Zealand,2021,1.1,mock,Education,NZL,Asia-Pacific,1
New Zealand,2022,1.2,mock,Education,NZL,Asia-Pacific,1
New Zealand,2023,1.3,mock,Education,NZL,Asia-Pacific,1
New Zealand,2024,1.4,mock,Education,NZL,Asia-Pacific,1
New Zealand,2025,1.6,mock,Education,NZL,Asia-Pacific,1
New Zealand,2026,1.7,mock,Education,NZL,Asia-Pacific,1
Japan,2016,1.6,mock,Education,JPN,Asia-Pacific,1
Japan,2017,1.7,mock,Education,JPN,Asia-Pacific,1
Japan,2018,1.7,mock,Education,JPN,Asia-Pacific,1
Japan,2019,1.8,mock,Education,JPN,Asia-Pacific,1
Japan,2020,1.9,mock,Education,JPN,Asia-Pacific,1
Japan,2021,2.0,mock,Education,JPN,Asia-Pacific,1
Japan,2022,2.1,mock,Education,JPN,Asia-Pacific,1
Japan,2023,2.2,mock,Education,JPN,Asia-Pacific,1
Japan,2024,2.3,mock,Education,JPN,Asia-Pacific,1
Japan,2025,2.5,mock,Education,JPN,Asia-Pacific,1
Japan,2026,2.7,mock,Education,JPN,Asia-Pacific,1
Singapore,2016,1.1,mock,Education,SGP,Asia-Pacific,1
Singapore,2017,1.2,mock,Education,SGP,Asia-Pacific,1
Singapore,2018,1.4,mock,Education,SGP,Asia-Pacific,1
Singapore,2019,1.5,mock,Education,SGP,Asia-Pacific,1
Singapore,2020,1.6,mock,Education,SGP,Asia-Pacific,1
Singapore,2021,1.7,mock,Education,SGP,Asia-Pacific,1
Singapore,2022,1.9,mock,Education,SGP,Asia-Pacific,1
Singapore,2023,2.1,mock,Education,SGP,Asia-Pacific,1
Singapore,2024,2.3,mock,Education,SGP,Asia-Pacific,1
Singapore,2025,2.5,mock,Education,SGP,Asia-Pacific,1
Singapore,2026,2.8,mock,Education,SGP,Asia-Pacific,1
Indonesia,2016,0.3,mock,Education,IDN,Asia-Pacific,1
Indonesia,2017,0.3,mock,Education,IDN,Asia-Pacific,1
Indonesia,2018,0.4,mock,Education,IDN,Asia-Pacific,1
Indonesia,2019,0.4,mock,Education,IDN,Asia-Pacific,1
Indonesia,2020,0.5,mock,Education,IDN,Asia-Pacific,1
Indonesia,2021,0.5,mock,Education,IDN,Asia-Pacific,1
Indonesia,2022,0.6,mock,Education,IDN,Asia-Pacific,1
Indonesia,2023,0.6,mock,Education,IDN,Asia-Pacific,1
Indonesia,2024,0.8,mock,Education,IDN,Asia-Pacific,1
Indonesia,2025,0.8,mock,Education,IDN,Asia-Pacific,1
Indonesia,2026,1.0,mock,Education,IDN,Asia-Pacific,1
Philippines,2016,0.7,mock,Education,PHL,Asia-Pacific,1
Philippines,2017,0.7,mock,Education,PHL,Asia-Pacific,1
Philippines,2018,0.7,mock,Education,PHL,Asia-Pacific,1
Philippines,2019,0.8,mock,Education,PHL,Asia-Pacific,1
Philippines,2020,0.8,mock,Education,PHL,Asia-Pacific,1
Philippines,2021,0.9,mock,Education,PHL,Asia-Pacific,1
Philippines,2022,0.9,mock,Education,PHL,Asia-Pacific,1
Philippines,2023,1.0,mock,Education,PHL,Asia-Pacific,1
Philippines,2024,1.0,mock,Education,PHL,Asia-Pacific,1
Philippines,2025,1.1,mock,Education,PHL,Asia-Pacific,1
Philippines,2026,1.2,mock,Education,PHL,Asia-Pacific,1
Malaysia,2016,0.6,mock,Education,MYS,Asia-Pacific,1
Malaysia,2017,0.7,mock,Education,MYS,Asia-Pacific,1
Malaysia,2018,0.7,mock,Education,MYS,Asia-Pacific,1
Malaysia,2019,0.8,mock,Education,MYS,Asia-Pacific,1
Malaysia,2020,0.9,mock,Education,MYS,Asia-Pacific,1
Malaysia,2021,1.0,mock,Education,MYS,Asia-Pacific,1
Malaysia,2022,1.1,mock,Education,MYS,Asia-Pacific,1
Malaysia,2023,1.3,mock,Education,MYS,Asia-Pacific,1
Malaysia,2024,1.4,mock,Education,MYS,Asia-Pacific,1
Malaysia,2025,1.5,mock,Education,MYS,Asia-Pacific,1
Malaysia,2026,1.6,mock,Education,MYS,Asia-Pacific,1
United Arab Emirates,2016,0.9,mock,Education,ARE,Middle East,1
United Arab Emirates,2017,1.0,mock,Education,ARE,Middle East,1
United Arab Emirates,2018,1.0,mock,Education,ARE,Middle East,1
United Arab Emirates,2019,1.1,mock,Education,ARE,Middle East,1
United Arab Emirates,2020,1.2,mock,Education,ARE,Middle East,1
United Arab Emirates,2021,1.3,mock,Education,ARE,Middle East,1
United Arab Emirates,2022,1.4,mock,Education,ARE,Middle East,1
United Arab Emirates,2023,1.5,mock,Education,ARE,Middle East,1
United Arab Emirates,2024,1.6,mock,Education,ARE,Middle East,1
United Arab Emirates,2025,1.9,mock,Education,ARE,Middle East,1
United Arab Emirates,2026,2.0,mock,Education,ARE,Middle East,1
Saudi Arabia,2016,0.7,mock,Education,SAU,Middle East,1
Saudi Arabia,2017,0.8,mock,Education,SAU,Middle East,1
Saudi Arabia,2018,0.8,mock,Education,SAU,Middle East,1
Saudi Arabia,2019,0.9,mock,Education,SAU,Middle East,1
Saudi Arabia,2020,0.9,mock,Education,SAU,Middle East,1
Saudi Arabia,2021,1.0,mock,Education,SAU,Middle East,1
Saudi Arabia,2022,1.1,mock,Education,SAU,Middle East,1
Saudi Arabia,2023,1.2,mock,Education,SAU,Middle East,1
Saudi Arabia,2024,1.3,mock,Education,SAU,Middle East,1
Saudi Arabia,2025,1.4,mock,Education,SAU,Middle East,1
Saudi Arabia,2026,1.6,mock,Education,SAU,Middle East,1
Israel,2016,0.8,mock,Education,ISR,Middle East,1
Israel,2017,0.9,mock,Education,ISR,Middle East,1
Israel,2018,1.0,mock,Education,ISR,Middle East,1
Israel,2019,1.1,mock,Education,ISR,Middle East,1
Israel,2020,1.3,mock,Education,ISR,Middle East,1
Israel,2021,1.4,mock,Education,ISR,Middle East,1
Israel,2022,1.6,mock,Education,ISR,Middle East,1
Israel,2023,1.8,mock,Education,ISR,Middle East,1
Israel,2024,1.9,mock,Education,ISR,Middle East,1
Israel,2025,2.2,mock,Education,ISR,Middle East,1
Israel,2026,2.4,mock,Education,ISR,Middle East,1
Qatar,2016,1.0,mock,Education,QAT,Middle East,1
Qatar,2017,1.1,mock,Education,QAT,Middle East,1
Qatar,2018,1.2,mock,Education,QAT,Middle East,1
Qatar,2019,1.3,mock,Education,QAT,Middle East,1
Qatar,2020,1.4,mock,Education,QAT,Middle East,1
Qatar,2021,1.6,mock,Education,QAT,Middle East,1
Qatar,2022,1.7,mock,Education,QAT,Middle East,1
Qatar,2023,1.9,mock,Education,QAT,Middle East,1
Qatar,2024,2.1,mock,Education,QAT,Middle East,1
Qatar,2025,2.3,mock,Education,QAT,Middle East,1
Qatar,2026,2.6,mock,Education,QAT,Middle East,1
South Africa,2016,0.7,mock,Education,ZAF,Africa,1
South Africa,2017,0.7,mock,Education,ZAF,Africa,1
South Africa,2018,0.8,mock,Education,ZAF,Africa,1
South Africa,2019,0.9,mock,Education,ZAF,Africa,1
South Africa,2020,1.0,mock,Education,ZAF,Africa,1
South Africa,2021,1.1,mock,Education,ZAF,Africa,1
South Africa,2022,1.3,mock,Education,ZAF,Africa,1
South Africa,2023,1.5,mock,Education,ZAF,Africa,1
South Africa,2024,1.6,mock,Education,ZAF,Africa,1
South Africa,2025,1.9,mock,Education,ZAF,Africa,1
South Africa,2026,2.2,mock,Education,ZAF,Africa,1
Nigeria,2016,0.7,mock,Education,NGA,Africa,1
Nigeria,2017,0.8,mock,Education,NGA,Africa,1
Nigeria,2018,0.8,mock,Education,NGA,Africa,1
Nigeria,2019,1.0,mock,Education,NGA,Africa,1
Nigeria,2020,1.1,mock,Education,NGA,Africa,1
Nigeria,2021,1.2,mock,Education,NGA,Africa,1
Nigeria,2022,1.4,mock,Education,NGA,Africa,1
Nigeria,2023,1.5,mock,Education,NGA,Africa,1
Nigeria,2024,1.8,mock,Education,NGA,Africa,1
Nigeria,2025,2.0,mock,Education,NGA,Africa,1
Nigeria,2026,2.4,mock,Education,NGA,Africa,1
Egypt,2016,0.7,mock,Education,EGY,Africa,1
Egypt,2017,0.7,mock,Education,EGY,Africa,1
Egypt,2018,0.9,mock,Education,EGY,Africa,1
Egypt,2019,1.0,mock,Education,EGY,Africa,1
Egypt,2020,1.1,mock,Education,EGY,Africa,1
Egypt,2021,1.2,mock,Education,EGY,Africa,1
Egypt,2022,1.3,mock,Education,EGY,Africa,1
Egypt,2023,1.4,mock,Education,EGY,Africa,1
Egypt,2024,1.6,mock,Education,EGY,Africa,1
Egypt,2025,1.8,mock,Education,EGY,Africa,1
Egypt,2026,2.0,mock,Education,EGY,Africa,1
Kenya,2016,0.5,mock,Education,KEN,Africa,1
Kenya,2017,0.6,mock,Education,KEN,Africa,1
Kenya,2018,0.6,mock,Education,KEN,Africa,1
Kenya,2019,0.7,mock,Education,KEN,Africa,1
Kenya,2020,0.8,mock,Education,KEN,Africa,1
Kenya,2021,0.9,mock,Education,KEN,Africa,1
Kenya,2022,1.0,mock,Education,KEN,Africa,1
Kenya,2023,1.2,mock,Education,KEN,Africa,1
Kenya,2024,1.3,mock,Education,KEN,Africa,1
Kenya,2025,1.5,mock,Education,KEN,Africa,1
Kenya,2026,1.7,mock,Education,KEN,Africa,1
France,2016,0.6,mock,Retail,FRA,EU27,1
France,2017,0.7,mock,Retail,FRA,EU27,1
France,2018,0.7,mock,Retail,FRA,EU27,1
France,2019,0.7,mock,Retail,FRA,EU27,1
France,2020,0.8,mock,Retail,FRA,EU27,1
France,2021,0.8,mock,Retail,FRA,EU27,1
France,2022,0.9,mock,Retail,FRA,EU27,1
France,2023,1.0,mock,Retail,FRA,EU27,1
France,2024,1.0,mock,Retail,FRA,EU27,1
France,2025,1.1,mock,Retail,FRA,EU27,1
France,2026,1.2,mock,Retail,FRA,EU27,1
Germany,2016,0.5,mock,Retail,DEU,EU27,1
Germany,2017,0.5,mock,Retail,DEU,EU27,1
Germany,2018,0.6,mock,Retail,DEU,EU27,1
Germany,2019,0.6,mock,Retail,DEU,EU27,1
Germany,2020,0.6,mock,Retail,DEU,EU27,1
Germany,2021,0.7,mock,Retail,DEU,EU27,1
Germany,2022,0.7,mock,Retail,DEU,EU27,1
Germany,2023,0.8,mock,Retail,DEU,EU27,1
Germany,2024,0.9,mock,Retail,DEU,EU27,1
Germany,2025,1.0,mock,Retail,DEU,EU27,1
Germany,2026,1.1,mock,Retail,DEU,EU27,1
India,2016,0.4,mock,Retail,IND,Asia-Pacific,1
India,2017,0.5,mock,Retail,IND,Asia-Pacific,1
India,2018,0.6,mock,Retail,IND,Asia-Pacific,1
India,2019,0.7,mock,Retail,IND,Asia-Pacific,1
India,2020,0.8,mock,Retail,IND,Asia-Pacific,1
India,2021,0.9,mock,Retail,IND,Asia-Pacific,1
India,2022,1.1,mock,Retail,IND,Asia-Pacific,1
India,2023,1.2,mock,Retail,IND,Asia-Pacific,1
India,2024,1.4,mock,Retail,IND,Asia-Pacific,1
India,2025,1.6,mock,Retail,IND,Asia-Pacific,1
India,2026,1.9,mock,Retail,IND,Asia-Pacific,1
United Kingdom,2016,0.9,mock,Retail,GBR,Europe (non-EU),1
United Kingdom,2017,0.9,mock,Retail,GBR,Europe (non-EU),1
United Kingdom,2018,1.0,mock,Retail,GBR,Europe (non-EU),1
United Kingdom,2019,1.0,mock,Retail,GBR,Europe (non-EU),1
United Kingdom,2020,1.1,mock,Retail,GBR,Europe (non-EU),1
United Kingdom,2021,1.2,mock,Retail,GBR,Europe (non-EU),1
United Kingdom,2022,1.2,mock,Retail,GBR,Europe (non-EU),1
United Kingdom,2023,1.3,mock,Retail,GBR,Europe (non-EU),1
United Kingdom,2024,1.4,mock,Retail,GBR,Europe (non-EU),1
United Kingdom,2025,1.5,mock,Retail,GBR,Europe (non-EU),1
United Kingdom,2026,1.6,mock,Retail,GBR,Europe (non-EU),1
United States,2016,0.7,mock,Retail,USA,Americas,1
United States,2017,0.7,mock,Retail,USA,Americas,1
United States,2018,0.8,mock,Retail,USA,Americas,1
United States,2019,1.0,mock,Retail,USA,Americas,1
United States,2020,1.1,mock,Retail,USA,Americas,1
United States,2021,1.2,mock,Retail,USA,Americas,1
United States,2022,1.4,mock,Retail,USA,Americas,1
United States,2023,1.5,mock,Retail,USA,Americas,1
United States,2024,1.7,mock,Retail,USA,Americas,1
United States,2025,1.9,mock,Retail,USA,Americas,1
United States,2026,2.1,mock,Retail,USA,Americas,1
Spain,2016,0.8,mock,Retail,ESP,EU27,1
Spain,2017,0.8,mock,Retail,ESP,EU27,1
Spain,2018,0.9,mock,Retail,ESP,EU27,1
Spain,2019,0.9,mock,Retail,ESP,EU27,1
Spain,2020,0.9,mock,Retail,ESP,EU27,1
Spain,2021,1.0,mock,Retail,ESP,EU27,1
Spain,2022,1.0,mock,Retail,ESP,EU27,1
Spain,2023,1.1,mock,Retail,ESP,EU27,1
Spain,2024,1.1,mock,Retail,ESP,EU27,1
Spain,2025,1.2,mock,Retail,ESP,EU27,1
Spain,2026,1.3,mock,Retail,ESP,EU27,1
Italy,2016,0.5,mock,Retail,ITA,EU27,1
Italy,2017,0.5,mock,Retail,ITA,EU27,1
Italy,2018,0.5,mock,Retail,ITA,EU27,1
Italy,2019,0.6,mock,Retail,ITA,EU27,1
Italy,2020,0.6,mock,Retail,ITA,EU27,1
Italy,2021,0.7,mock,Retail,ITA,EU27,1
Italy,2022,0.8,mock,Retail,ITA,EU27,1
Italy,2023,0.8,mock,Retail,ITA,EU27,1
Italy,2024,0.9,mock,Retail,ITA,EU27,1
Italy,2025,1.0,mock,Retail,ITA,EU27,1
Italy,2026,1.2,mock,Retail,ITA,EU27,1
Netherlands,2016,1.0,mock,Retail,NLD,EU27,1
Netherlands,2017,1.0,mock,Retail,NLD,EU27,1
Netherlands,2018,1.1,mock,Retail,NLD,EU27,1
Netherlands,2019,1.1,mock,Retail,NLD,EU27,1
Netherlands,2020,1.2,mock,Retail,NLD,EU27,1
Netherlands,2021,1.3,mock,Retail,NLD,EU27,1
Netherlands,2022,1.4,mock,Retail,NLD,EU27,1
Netherlands,2023,1.5,mock,Retail,NLD,EU27,1
Netherlands,2024,1.6,mock,Retail,NLD,EU27,1
Netherlands,2025,1.7,mock,Retail,NLD,EU27,1
Netherlands,2026,1.8,mock,Retail,NLD,EU27,1
Belgium,2016,1.0,mock,Retail,BEL,EU27,1
Belgium,2017,1.0,mock,Retail,BEL,EU27,1
Belgium,2018,1.1,mock,Retail,BEL,EU27,1
Belgium,2019,1.2,mock,Retail,BEL,EU27,1
Belgium,2020,1.2,mock,Retail,BEL,EU27,1
Belgium,2021,1.3,mock,Retail,BEL,EU27,1
Belgium,2022,1.4,mock,Retail,BEL,EU27,1
Belgium,2023,1.5,mock,Retail,BEL,EU27,1
Belgium,2024,1.6,mock,Retail,BEL,EU27,1
Belgium,2025,1.8,mock,Retail,BEL,EU27,1
Belgium,2026,2.0,mock,Retail,BEL,EU27,1
Sweden,2016,0.7,mock,Retail,SWE,EU27,1
Sweden,2017,0.7,mock,Retail,SWE,EU27,1
Sweden,2018,0.8,mock,Retail,SWE,EU27,1
Sweden,2019,0.9,mock,Retail,SWE,EU27,1
Sweden,2020,1.0,mock,Retail,SWE,EU27,1
Sweden,2021,1.1,mock,Retail,SWE,EU27,1
Sweden,2022,1.3,mock,Retail,SWE,EU27,1
Sweden,2023,1.4,mock,Retail,SWE,EU27,1
Sweden,2024,1.5,mock,Retail,SWE,EU27,1
Sweden,2025,1.7,mock,Retail,SWE,EU27,1
Sweden,2026,1.9,mock,Retail,SWE,EU27,1
Poland,2016,0.2,mock,Retail,POL,EU27,1
Poland,2017,0.3,mock,Retail,POL,EU27,1
Poland,2018,0.3,mock,Retail,POL,EU27,1
Poland,2019,0.3,mock,Retail,POL,EU27,1
Poland,2020,0.4,mock,Retail,POL,EU27,1
Poland,2021,0.5,mock,Retail,POL,EU27,1
Poland,2022,0.6,mock,Retail,POL,EU27,1
Poland,2023,0.7,mock,Retail,POL,EU27,1
Poland,2024,0.7,mock,Retail,POL,EU27,1
Poland,2025,0.8,mock,Retail,POL,EU27,1
Poland,2026,1.0,mock,Retail,POL,EU27,1
Ireland,2016,0.4,mock,Retail,IRL,EU27,1
Ireland,2017,0.5,mock,Retail,IRL,EU27,1
Ireland,2018,0.5,mock,Retail,IRL,EU27,1
Ireland,2019,0.5,mock,Retail,IRL,EU27,1
Ireland,2020,0.6,mock,Retail,IRL,EU27,1
Ireland,2021,0.6,mock,Retail,IRL,EU27,1
Ireland,2022,0.7,mock,Retail,IRL,EU27,1
Ireland,2023,0.7,mock,Retail,IRL,EU27,1
Ireland,2024,0.8,mock,Retail,IRL,EU27,1
Ireland,2025,0.9,mock,Retail,IRL,EU27,1
Ireland,2026,1.0,mock,Retail,IRL,EU27,1
Portugal,2016,0.4,mock,Retail,PRT,EU27,1
Portugal,2017,0.4,mock,Retail,PRT,EU27,1
Portugal,2018,0.5,mock,Retail,PRT,EU27,1
Portugal,2019,0.5,mock,Retail,PRT,EU27,1
Portugal,2020,0.6,mock,Retail,PRT,EU27,1
Portugal,2021,0.7,mock,Retail,PRT,EU27,1
Portugal,2022,0.8,mock,Retail,PRT,EU27,1
Portugal,2023,0.9,mock,Retail,PRT,EU27,1
Portugal,2024,1.0,mock,Retail,PRT,EU27,1
Portugal,2025,1.2,mock,Retail,PRT,EU27,1
Portugal,2026,1.3,mock,Retail,PRT,EU27,1
Denmark,2016,0.6,mock,Retail,DNK,EU27,1
Denmark,2017,0.6,mock,Retail,DNK,EU27,1
Denmark,2018,0.7,mock,Retail,DNK,EU27,1
Denmark,2019,0.7,mock,Retail,DNK,EU27,1
Denmark,2020,0.7,mock,Retail,DNK,EU27,1
Denmark,2021,0.7,mock,Retail,DNK,EU27,1
Denmark,2022,0.8,mock,Retail,DNK,EU27,1
Denmark,2023,0.8,mock,Retail,DNK,EU27,1
Denmark,2024,0.8,mock,Retail,DNK,EU27,1
Denmark,2025,0.9,mock,Retail,DNK,EU27,1
Denmark,2026,1.0,mock,Retail,DNK,EU27,1
Austria,2016,0.7,mock,Retail,AUT,EU27,1
Austria,2017,0.8,mock,Retail,AUT,EU27,1
Austria,2018,0.9,mock,Retail,AUT,EU27,1
Austria,2019,1.0,mock,Retail,AUT,EU27,1
Austria,2020,1.2,mock,Retail,AUT,EU27,1
Austria,2021,1.3,mock,Retail,AUT,EU27,1
Austria,2022,1.5,mock,Retail,AUT,EU27,1
Austria,2023,1.7,mock,Retail,AUT,EU27,1
Austria,2024,1.9,mock,Retail,AUT,EU27,1
Austria,2025,2.1,mock,Retail,AUT,EU27,1
Austria,2026,2.3,mock,Retail,AUT,EU27,1
Finland,2016,1.3,mock,Retail,FIN,EU27,1
Finland,2017,1.4,mock,Retail,FIN,EU27,1
Finland,2018,1.4,mock,Retail,FIN,EU27,1
Finland,2019,1.5,mock,Retail,FIN,EU27,1
Finland,2020,1.5,mock,Retail,FIN,EU27,1
Finland,2021,1.5,mock,Retail,FIN,EU27,1
Finland,2022,1.6,mock,Retail,FIN,EU27,1
Finland,2023,1.7,mock,Retail,FIN,EU27,1
Finland,2024,1.8,mock,Retail,FIN,EU27,1
Finland,2025,1.8,mock,Retail,FIN,EU27,1
Finland,2026,1.9,mock,Retail,FIN,EU27,1
Czechia,2016,0.5,mock,Retail,CZE,EU27,1
Czechia,2017,0.5,mock,Retail,CZE,EU27,1
Czechia,2018,0.6,mock,Retail,CZE,EU27,1
Czechia,2019,0.7,mock,Retail,CZE,EU27,1
Czechia,2020,0.7,mock,Retail,CZE,EU27,1
Czechia,2021,0.8,mock,Retail,CZE,EU27,1
Czechia,2022,0.8,mock,Retail,CZE,EU27,1
Czechia,2023,0.9,mock,Retail,CZE,EU27,1
Czechia,2024,1.0,mock,Retail,CZE,EU27,1
Czechia,2025,1.1,mock,Retail,CZE,EU27,1
Czechia,2026,1.2,mock,Retail,CZE,EU27,1
Romania,2016,0.8,mock,Retail,ROU,EU27,1
Romania,2017,0.8,mock,Retail,ROU,EU27,1
Romania,2018,0.9,mock,Retail,ROU,EU27,1
Romania,2019,1.0,mock,Retail,ROU,EU27,1
Romania,2020,1.1,mock,Retail,ROU,EU27,1
Romania,2021,1.2,mock,Retail,ROU,EU27,1
Romania,2022,1.3,mock,Retail,ROU,EU27,1
Romania,2023,1.4,mock,Retail,ROU,EU27,1
Romania,2024,1.6,mock,Retail,ROU,EU27,1
Romania,2025,1.7,mock,Retail,ROU,EU27,1
Romania,2026,1.8,mock,Retail,ROU,EU27,1
Greece,2016,0.5,mock,Retail,GRC,EU27,1
Greece,2017,0.5,mock,Retail,GRC,EU27,1
Greece,2018,0.6,mock,Retail,GRC,EU27,1
Greece,2019,0.6,mock,Retail,GRC,EU27,1
Greece,2020,0.7,mock,Retail,GRC,EU27,1
Greece,2021,0.7,mock,Retail,GRC,EU27,1
Greece,2022,0.8,mock,Retail,GRC,EU27,1
Greece,2023,0.8,mock,Retail,GRC,EU27,1
Greece,2024,0.8,mock,Retail,GRC,EU27,1
Greece,2025,0.9,mock,Retail,GRC,EU27,1
Greece,2026,0.9,mock,Retail,GRC,EU27,1
Hungary,2016,0.3,mock,Retail,HUN,EU27,1
Hungary,2017,0.4,mock,Retail,HUN,EU27,1
Hungary,2018,0.5,mock,Retail,HUN,EU27,1
Hungary,2019,0.5,mock,Retail,HUN,EU27,1
Hungary,2020,0.6,mock,Retail,HUN,EU27,1
Hungary,2021,0.7,mock,Retail,HUN,EU27,1
Hungary,2022,0.8,mock,Retail,HUN,EU27,1
Hungary,2023,0.9,mock,Retail,HUN,EU27,1
Hungary,2024,1.0,mock,Retail,HUN,EU27,1
Hungary,2025,1.2,mock,Retail,HUN,EU27,1
Hungary,2026,1.3,mock,Retail,HUN,EU27,1
Bulgaria,2016,0.3,mock,Retail,BGR,EU27,1
Bulgaria,2017,0.3,mock,Retail,BGR,EU27,1
Bulgaria,2018,0.4,mock,Retail,BGR,EU27,1
Bulgaria,2019,0.4,mock,Retail,BGR,EU27,1
Bulgaria,2020,0.5,mock,Retail,BGR,EU27,1
Bulgaria,2021,0.6,mock,Retail,BGR,EU27,1
Bulgaria,2022,0.6,mock,Retail,BGR,EU27,1
Bulgaria,2023,0.7,mock,Retail,BGR,EU27,1
Bulgaria,2024,0.8,mock,Retail,BGR,EU27,1
Bulgaria,2025,0.9,mock,Retail,BGR,EU27,1
Bulgaria,2026,1.0,mock,Retail,BGR,EU27,1
Croatia,2016,0.8,mock,Retail,HRV,EU27,1
Croatia,2017,0.9,mock,Retail,HRV,EU27,1
Croatia,2018,0.9,mock,Retail,HRV,EU27,1
Croatia,2019,1.0,mock,Retail,HRV,EU27,1
Croatia,2020,1.0,mock,Retail,HRV,EU27,1
Croatia,2021,1.1,mock,Retail,HRV,EU27,1
Croatia,2022,1.2,mock,Retail,HRV,EU27,1
Croatia,2023,1.3,mock,Retail,HRV,EU27,1
Croatia,2024,1.4,mock,Retail,HRV,EU27,1
Croatia,2025,1.5,mock,Retail,HRV,EU27,1
Croatia,2026,1.6,mock,Retail,HRV,EU27,1
Slovakia,2016,0.7,mock,Retail,SVK,EU27,1
Slovakia,2017,0.8,mock,Retail,SVK,EU27,1
Slovakia,2018,0.9,mock,Retail,SVK,EU27,1
Slovakia,2019,0.9,mock,Retail,SVK,EU27,1
Slovakia,2020,1.0,mock,Retail,SVK,EU27,1
Slovakia,2021,1.2,mock,Retail,SVK,EU27,1
Slovakia,2022,1.3,mock,Retail,SVK,EU27,1
Slovakia,2023,1.4,mock,Retail,SVK,EU27,1
Slovakia,2024,1.6,mock,Retail,SVK,EU27,1
Slovakia,2025,1.7,mock,Retail,SVK,EU27,1
Slovakia,2026,1.9,mock,Retail,SVK,EU27,1
Lithuania,2016,0.5,mock,Retail,LTU,EU27,1
Lithuania,2017,0.6,mock,Retail,LTU,EU27,1
Lithuania,2018,0.6,mock,Retail,LTU,EU27,1
Lithuania,2019,0.7,mock,Retail,LTU,EU27,1
Lithuania,2020,0.8,mock,Retail,LTU,EU27,1
Lithuania,2021,0.9,mock,Retail,LTU,EU27,1
Lithuania,2022,0.9,mock,Retail,LTU,EU27,1
Lithuania,2023,1.0,mock,Retail,LTU,EU27,1
Lithuania,2024,1.1,mock,Retail,LTU,EU27,1
Lithuania,2025,1.3,mock,Retail,LTU,EU27,1
Lithuania,2026,1.4,mock,Retail,LTU,EU27,1
Estonia,2016,0.5,mock,Retail,EST,EU27,1
Estonia,2017,0.6,mock,Retail,EST,EU27,1
Estonia,2018,0.6,mock,Retail,EST,EU27,1
Estonia,2019,0.7,mock,Retail,EST,EU27,1
Estonia,2020,0.7,mock,Retail,EST,EU27,1
Estonia,2021,0.8,mock,Retail,EST,EU27,1
Estonia,2022,0.9,mock,Retail,EST,EU27,1
Estonia,2023,1.0,mock,Retail,EST,EU27,1
Estonia,2024,1.1,mock,Retail,EST,EU27,1
Estonia,2025,1.2,mock,Retail,EST,EU27,1
Estonia,2026,1.4,mock,Retail,EST,EU27,1
Switzerland,2016,1.2,mock,Retail,CHE,Europe (non-EU),1
Switzerland,2017,1.2,mock,Retail,CHE,Europe (non-EU),1
Switzerland,2018,1.3,mock,Retail,CHE,Europe (non-EU),1
Switzerland,2019,1.3,mock,Retail,CHE,Europe (non-EU),1
Switzerland,2020,1.4,mock,Retail,CHE,Europe (non-EU),1
Switzerland,2021,1.4,mock,Retail,CHE,Europe (non-EU),1
Switzerland,2022,1.5,mock,Retail,CHE,Europe (non-EU),1
Switzerland,2023,1.6,mock,Retail,CHE,Europe (non-EU),1
Switzerland,2024,1.7,mock,Retail,CHE,Europe (non-EU),1
Switzerland,2025,1.8,mock,Retail,CHE,Europe (non-EU),1
Switzerland,2026,1.9,mock,Retail,CHE,Europe (non-EU),1
Norway,2016,0.7,mock,Retail,NOR,Europe (non-EU),1
Norway,2017,0.8,mock,Retail,NOR,Europe (non-EU),1
Norway,2018,0.9,mock,Retail,NOR,Europe (non-EU),1
Norway,2019,1.1,mock,Retail,NOR,Europe (non-EU),1
Norway,2020,1.2,mock,Retail,NOR,Europe (non-EU),1
Norway,2021,1.3,mock,Retail,NOR,Europe (non-EU),1
Norway,2022,1.5,mock,Retail,NOR,Europe (non-EU),1
Norway,2023,1.6,mock,Retail,NOR,Europe (non-EU),1
Norway,2024,1.8,mock,Retail,NOR,Europe (non-EU),1
Norway,2025,2.0,mock,Retail,NOR,Europe (non-EU),1
Norway,2026,2.2,mock,Retail,NOR,Europe (non-EU),1
Turkey,2016,0.9,mock,Retail,TUR,Europe (non-EU),1
Turkey,2017,0.9,mock,Retail,TUR,Europe (non-EU),1
Turkey,2018,0.9,mock,Retail,TUR,Europe (non-EU),1
Turkey,2019,1.0,mock,Retail,TUR,Europe (non-EU),1
Turkey,2020,1.1,mock,Retail,TUR,Europe (non-EU),1
Turkey,2021,1.1,mock,Retail,TUR,Europe (non-EU),1
Turkey,2022,1.2,mock,Retail,TUR,Europe (non-EU),1
Turkey,2023,1.3,mock,Retail,TUR,Europe (non-EU),1
Turkey,2024,1.3,mock,Retail,TUR,Europe (non-EU),1
Turkey,2025,1.5,mock,Retail,TUR,Europe (non-EU),1
Turkey,2026,1.5,mock,Retail,TUR,Europe (non-EU),1
Canada,2016,0.6,mock,Retail,CAN,Americas,1
Canada,2017,0.7,mock,Retail,CAN,Americas,1
Canada,2018,0.8,mock,Retail,CAN,Americas,1
Canada,2019,0.9,mock,Retail,CAN,Americas,1
Canada,2020,1.0,mock,Retail,CAN,Americas,1
Canada,2021,1.1,mock,Retail,CAN,Americas,1
Canada,2022,1.2,mock,Retail,CAN,Americas,1
Canada,2023,1.3,mock,Retail,CAN,Americas,1
Canada,2024,1.4,mock,Retail,CAN,Americas,1
Canada,2025,1.6,mock,Retail,CAN,Americas,1
Canada,2026,1.7,mock,Retail,CAN,Americas,1
Mexico,2016,0.9,mock,Retail,MEX,Americas,1
Mexico,2017,0.9,mock,Retail,MEX,Americas,1
Mexico,2018,1.0,mock,Retail,MEX,Americas,1
Mexico,2019,1.1,mock,Retail,MEX,Americas,1
Mexico,2020,1.2,mock,Retail,MEX,Americas,1
Mexico,2021,1.3,mock,Retail,MEX,Americas,1
Mexico,2022,1.4,mock,Retail,MEX,Americas,1
Mexico,2023,1.5,mock,Retail,MEX,Americas,1
Mexico,2024,1.6,mock,Retail,MEX,Americas,1
Mexico,2025,1.7,mock,Retail,MEX,Americas,1
Mexico,2026,1.9,mock,Retail,MEX,Americas,1
Brazil,2016,0.6,mock,Retail,BRA,Americas,1
Brazil,2017,0.6,mock,Retail,BRA,Americas,1
Brazil,2018,0.7,mock,Retail,BRA,Americas,1
Brazil,2019,0.7,mock,Retail,BRA,Americas,1
Brazil,2020,0.8,mock,Retail,BRA,Americas,1
Brazil,2021,0.9,mock,Retail,BRA,Americas,1
Brazil,2022,1.0,mock,Retail,BRA,Americas,1
Brazil,2023,1.1,mock,Retail,BRA,Americas,1
Brazil,2024,1.2,mock,Retail,BRA,Americas,1
Brazil,2025,1.3,mock,Retail,BRA,Americas,1
Brazil,2026,1.5,mock,Retail,BRA,Americas,1
Argentina,2016,0.8,mock,Retail,ARG,Americas,1
Argentina,2017,0.9,mock,Retail,ARG,Americas,1
Argentina,2018,0.9,mock,Retail,ARG,Americas,1
Argentina,2019,1.0,mock,Retail,ARG,Americas,1
Argentina,2020,1.1,mock,Retail,ARG,Americas,1
Argentina,2021,1.2,mock,Retail,ARG,Americas,1
Argentina,2022,1.3,mock,Retail,ARG,Americas,1
Argentina,2023,1.4,mock,Retail,ARG,Americas,1
Argentina,2024,1.6,mock,Retail,ARG,Americas,1
Argentina,2025,1.7,mock,Retail,ARG,Americas,1
Argentina,2026,1.9,mock,Retail,ARG,Americas,1
Chile,2016,0.5,mock,Retail,CHL,Americas,1
Chile,2017,0.5,mock,Retail,CHL,Americas,1
Chile,2018,0.6,mock,Retail,CHL,Americas,1
Chile,2019,0.6,mock,Retail,CHL,Americas,1
Chile,2020,0.7,mock,Retail,CHL,Americas,1
Chile,2021,0.8,mock,Retail,CHL,Americas,1
Chile,2022,0.9,mock,Retail,CHL,Americas,1
Chile,2023,1.0,mock,Retail,CHL,Americas,1
Chile,2024,1.1,mock,Retail,CHL,Americas,1
Chile,2025,1.2,mock,Retail,CHL,Americas,1
Chile,2026,1.4,mock,Retail,CHL,Americas,1
Colombia,2016,0.5,mock,Retail,COL,Americas,1
Colombia,2017,0.5,mock,Retail,COL,Americas,1
Colombia,2018,0.6,mock,Retail,COL,Americas,1
Colombia,2019,0.7,mock,Retail,COL,Americas,1
Colombia,2020,0.8,mock,Retail,COL,Americas,1
Colombia,2021,0.9,mock,Retail,COL,Americas,1
Colombia,2022,1.0,mock,Retail,COL,Americas,1
Colombia,2023,1.1,mock,Retail,COL,Americas,1
Colombia,2024,1.3,mock,Retail,COL,Americas,1
Colombia,2025,1.6,mock,Retail,COL,Americas,1
Colombia,2026,1.8,mock,Retail,COL,Americas,1
Peru,2016,0.2,mock,Retail,PER,Americas,1
Peru,2017,0.3,mock,Retail,PER,Americas,1
Peru,2018,0.3,mock,Retail,PER,Americas,1
Peru,2019,0.4,mock,Retail,PER,Americas,1
Peru,2020,0.4,mock,Retail,PER,Americas,1
Peru,2021,0.5,mock,Retail,PER,Americas,1
Peru,2022,0.5,mock,Retail,PER,Americas,1
Peru,2023,0.6,mock,Retail,PER,Americas,1
Peru,2024,0.7,mock,Retail,PER,Americas,1
Peru,2025,0.8,mock,Retail,PER,Americas,1
Peru,2026,0.9,mock,Retail,PER,Americas,1
Australia,2016,0.4,mock,Retail,AUS,Asia-Pacific,1
Australia,2017,0.4,mock,Retail,AUS,Asia-Pacific,1
Australia,2018,0.5,mock,Retail,AUS,Asia-Pacific,1
Australia,2019,0.6,mock,Retail,AUS,Asia-Pacific,1
Australia,2020,0.7,mock,Retail,AUS,Asia-Pacific,1
Australia,2021,0.8,mock,Retail,AUS,Asia-Pacific,1
Australia,2022,1.0,mock,Retail,AUS,Asia-Pacific,1
Australia,2023,1.1,mock,Retail,AUS,Asia-Pacific,1
Australia,2024,1.3,mock,Retail,AUS,Asia-Pacific,1
Australia,2025,1.5,mock,Retail,AUS,Asia-Pacific,1
Australia,2026,1.7,mock,Retail,AUS,Asia-Pacific,1
New Zealand,2016,0.7,mock,Retail,NZL,Asia-Pacific,1
New Zealand,2017,0.7,mock,Retail,NZL,Asia-Pacific,1
New Zealand,2018,0.7,mock,Retail,NZL,Asia-Pacific,1
New Zealand,2019,0.8,mock,Retail,NZL,Asia-Pacific,1
New Zealand,2020,0.8,mock,Retail,NZL,Asia-Pacific,1
New Zealand,2021,0.9,mock,Retail,NZL,Asia-Pacific,1
New Zealand,2022,1.0,mock,Retail,NZL,Asia-Pacific,1
New Zealand,2023,1.0,mock,Retail,NZL,Asia-Pacific,1
New Zealand,2024,1.0,mock,Retail,NZL,Asia-Pacific,1
New Zealand,2025,1.1,mock,Retail,NZL,Asia-Pacific,1
New Zealand,2026,1.2,mock,Retail,NZL,Asia-Pacific,1
Japan,2016,1.0,mock,Retail,JPN,Asia-Pacific,1
Japan,2017,1.1,mock,Retail,JPN,Asia-Pacific,1
Japan,2018,1.1,mock,Retail,JPN,Asia-Pacific,1
Japan,2019,1.2,mock,Retail,JPN,Asia-Pacific,1
Japan,2020,1.3,mock,Retail,JPN,Asia-Pacific,1
Japan,2021,1.4,mock,Retail,JPN,Asia-Pacific,1
Japan,2022,1.5,mock,Retail,JPN,Asia-Pacific,1
Japan,2023,1.6,mock,Retail,JPN,Asia-Pacific,1
Japan,2024,1.7,mock,Retail,JPN,Asia-Pacific,1
Japan,2025,1.8,mock,Retail,JPN,Asia-Pacific,1
Japan,2026,2.0,mock,Retail,JPN,Asia-Pacific,1
Singapore,2016,1.0,mock,Retail,SGP,Asia-Pacific,1
Singapore,2017,1.0,mock,Retail,SGP,Asia-Pacific,1
Singapore,2018,1.1,mock,Retail,SGP,Asia-Pacific,1
Singapore,2019,1.1,mock,Retail,SGP,Asia-Pacific,1
Singapore,2020,1.2,mock,Retail,SGP,Asia-Pacific,1
Singapore,2021,1.3,mock,Retail,SGP,Asia-Pacific,1
Singapore,2022,1.4,mock,Retail,SGP,Asia-Pacific,1
Singapore,2023,1.5,mock,Retail,SGP,Asia-Pacific,1
Singapore,2024,1.7,mock,Retail,SGP,Asia-Pacific,1
Singapore,2025,1.8,mock,Retail,SGP,Asia-Pacific,1
Singapore,2026,2.0,mock,Retail,SGP,Asia-Pacific,1
Indonesia,2016,0.3,mock,Retail,IDN,Asia-Pacific,1
Indonesia,2017,0.3,mock,Retail,IDN,Asia-Pacific,1
Indonesia,2018,0.4,mock,Retail,IDN,Asia-Pacific,1
Indonesia,2019,0.4,mock,Retail,IDN,Asia-Pacific,1
Indonesia,2020,0.5,mock,Retail,IDN,Asia-Pacific,1
Indonesia,2021,0.5,mock,Retail,IDN,Asia-Pacific,1
Indonesia,2022,0.6,mock,Retail,IDN,Asia-Pacific,1
Indonesia,2023,0.7,mock,Retail,IDN,Asia-Pacific,1
Indonesia,2024,0.8,mock,Retail,IDN,Asia-Pacific,1
Indonesia,2025,0.8,mock,Retail,IDN,Asia-Pacific,1
Indonesia,2026,0.9,mock,Retail,IDN,Asia-Pacific,1
Philippines,2016,0.4,mock,Retail,PHL,Asia-Pacific,1
Philippines,2017,0.4,mock,Retail,PHL,Asia-Pacific,1
Philippines,2018,0.5,mock,Retail,PHL,Asia-Pacific,1
Philippines,2019,0.5,mock,Retail,PHL,Asia-Pacific,1
Philippines,2020,0.5,mock,Retail,PHL,Asia-Pacific,1
Philippines,2021,0.5,mock,Retail,PHL,Asia-Pacific,1
Philippines,2022,0.6,mock,Retail,PHL,Asia-Pacific,1
Philippines,2023,0.6,mock,Retail,PHL,Asia-Pacific,1
Philippines,2024,0.6,mock,Retail,PHL,Asia-Pacific,1
Philippines,2025,0.7,mock,Retail,PHL,Asia-Pacific,1
Philippines,2026,0.7,mock,Retail,PHL,Asia-Pacific,1
Malaysia,2016,0.5,mock,Retail,MYS,Asia-Pacific,1
Malaysia,2017,0.5,mock,Retail,MYS,Asia-Pacific,1
Malaysia,2018,0.5,mock,Retail,MYS,Asia-Pacific,1
Malaysia,2019,0.6,mock,Retail,MYS,Asia-Pacific,1
Malaysia,2020,0.6,mock,Retail,MYS,Asia-Pacific,1
Malaysia,2021,0.6,mock,Retail,MYS,Asia-Pacific,1
Malaysia,2022,0.7,mock,Retail,MYS,Asia-Pacific,1
Malaysia,2023,0.7,mock,Retail,MYS,Asia-Pacific,1
Malaysia,2024,0.8,mock,Retail,MYS,Asia-Pacific,1
Malaysia,2025,0.9,mock,Retail,MYS,Asia-Pacific,1
Malaysia,2026,1.0,mock,Retail,MYS,Asia-Pacific,1
United Arab Emirates,2016,0.4,mock,Retail,ARE,Middle East,1
United Arab Emirates,2017,0.5,mock,Retail,ARE,Middle East,1
United Arab Emirates,2018,0.5,mock,Retail,ARE,Middle East,1
United Arab Emirates,2019,0.6,mock,Retail,ARE,Middle East,1
United Arab Emirates,2020,0.7,mock,Retail,ARE,Middle East,1
United Arab Emirates,2021,0.7,mock,Retail,ARE,Middle East,1
United Arab Emirates,2022,0.8,mock,Retail,ARE,Middle East,1
United Arab Emirates,2023,0.9,mock,Retail,ARE,Middle East,1
United Arab Emirates,2024,1.0,mock,Retail,ARE,Middle East,1
United Arab Emirates,2025,1.2,mock,Retail,ARE,Middle East,1
United Arab Emirates,2026,1.3,mock,Retail,ARE,Middle East,1
Saudi Arabia,2016,0.5,mock,Retail,SAU,Middle East,1
Saudi Arabia,2017,0.6,mock,Retail,SAU,Middle East,1
Saudi Arabia,2018,0.7,mock,Retail,SAU,Middle East,1
Saudi Arabia,2019,0.8,mock,Retail,SAU,Middle East,1
Saudi Arabia,2020,0.9,mock,Retail,SAU,Middle East,1
Saudi Arabia,2021,1.0,mock,Retail,SAU,Middle East,1
Saudi Arabia,2022,1.1,mock,Retail,SAU,Middle East,1
Saudi Arabia,2023,1.2,mock,Retail,SAU,Middle East,1
Saudi Arabia,2024,1.3,mock,Retail,SAU,Middle East,1
Saudi Arabia,2025,1.5,mock,Retail,SAU,Middle East,1
Saudi Arabia,2026,1.6,mock,Retail,SAU,Middle East,1
Israel,2016,0.8,mock,Retail,ISR,Middle East,1
Israel,2017,0.8,mock,Retail,ISR,Middle East,1
Israel,2018,0.8,mock,Retail,ISR,Middle East,1
Israel,2019,0.9,mock,Retail,ISR,Middle East,1
Israel,2020,0.9,mock,Retail,ISR,Middle East,1
Israel,2021,0.9,mock,Retail,ISR,Middle East,1
Israel,2022,1.0,mock,Retail,ISR,Middle East,1
Israel,2023,1.0,mock,Retail,ISR,Middle East,1
Israel,2024,1.1,mock,Retail,ISR,Middle East,1
Israel,2025,1.2,mock,Retail,ISR,Middle East,1
Israel,2026,1.2,mock,Retail,ISR,Middle East,1
Qatar,2016,0.9,mock,Retail,QAT,Middle East,1
Qatar,2017,1.0,mock,Retail,QAT,Middle East,1
Qatar,2018,1.0,mock,Retail,QAT,Middle East,1
Qatar,2019,1.1,mock,Retail,QAT,Middle East,1
Qatar,2020,1.2,mock,Retail,QAT,Middle East,1
Qatar,2021,1.3,mock,Retail,QAT,Middle East,1
Qatar,2022,1.4,mock,Retail,QAT,Middle East,1
Qatar,2023,1.6,mock,Retail,QAT,Middle East,1
Qatar,2024,1.7,mock,Retail,QAT,Middle East,1
Qatar,2025,1.9,mock,Retail,QAT,Middle East,1
Qatar,2026,2.0,mock,Retail,QAT,Middle East,1
South Africa,2016,0.7,mock,Retail,ZAF,Africa,1
South Africa,2017,0.7,mock,Retail,ZAF,Africa,1
South Africa,2018,0.8,mock,Retail,ZAF,Africa,1
South Africa,2019,0.9,mock,Retail,ZAF,Africa,1
South Africa,2020,1.0,mock,Retail,ZAF,Africa,1
South Africa,2021,1.1,mock,Retail,ZAF,Africa,1
South Africa,2022,1.2,mock,Retail,ZAF,Africa,1
South Africa,2023,1.3,mock,Retail,ZAF,Africa,1
South Africa,2024,1.5,mock,Retail,ZAF,Africa,1
South Africa,2025,1.6,mock,Retail,ZAF,Africa,1
South Africa,2026,1.8,mock,Retail,ZAF,Africa,1
Nigeria,2016,0.6,mock,Retail,NGA,Africa,1
Nigeria,2017,0.7,mock,Retail,NGA,Africa,1
Nigeria,2018,0.7,mock,Retail,NGA,Africa,1
Nigeria,2019,0.7,mock,Retail,NGA,Africa,1
Nigeria,2020,0.8,mock,Retail,NGA,Africa,1
Nigeria,2021,0.9,mock,Retail,NGA,Africa,1
Nigeria,2022,0.9,mock,Retail,NGA,Africa,1
Nigeria,2023,1.0,mock,Retail,NGA,Africa,1
Nigeria,2024,1.1,mock,Retail,NGA,Africa,1
Nigeria,2025,1.2,mock,Retail,NGA,Africa,1
Nigeria,2026,1.3,mock,Retail,NGA,Africa,1
Egypt,2016,0.4,mock,Retail,EGY,Africa,1
Egypt,2017,0.5,mock,Retail,EGY,Africa,1
Egypt,2018,0.5,mock,Retail,EGY,Africa,1
Egypt,2019,0.6,mock,Retail,EGY,Africa,1
Egypt,2020,0.6,mock,Retail,EGY,Africa,1
Egypt,2021,0.7,mock,Retail,EGY,Africa,1
Egypt,2022,0.7,mock,Retail,EGY,Africa,1
Egypt,2023,0.8,mock,Retail,EGY,Africa,1
Egypt,2024,0.9,mock,Retail,EGY,Africa,1
Egypt,2025,1.0,mock,Retail,EGY,Africa,1
Egypt,2026,1.1,mock,Retail,EGY,Africa,1
Kenya,2016,0.4,mock,Retail,KEN,Africa,1
Kenya,2017,0.4,mock,Retail,KEN,Africa,1
Kenya,2018,0.4,mock,Retail,KEN,Africa,1
Kenya,2019,0.4,mock,Retail,KEN,Africa,1
Kenya,2020,0.5,mock,Retail,KEN,Africa,1
Kenya,2021,0.5,mock,Retail,KEN,Africa,1
Kenya,2022,0.6,mock,Retail,KEN,Africa,1
Kenya,2023,0.6,mock,Retail,KEN,Africa,1
Kenya,2024,0.6,mock,Retail,KEN,Africa,1
Kenya,2025,0.7,mock,Retail,KEN,Africa,1
Kenya,2026,0.8,mock,Retail,KEN,Africa,1
France,2016,0.6,mock,Public administration,FRA,EU27,1
France,2017,0.6,mock,Public administration,FRA,EU27,1
France,2018,0.7,mock,Public administration,FRA,EU27,1
France,2019,0.8,mock,Public administration,FRA,EU27,1
France,2020,0.9,mock,Public administration,FRA,EU27,1
France,2021,1.0,mock,Public administration,FRA,EU27,1
France,2022,1.1,mock,Public administration,FRA,EU27,1
France,2023,1.2,mock,Public administration,FRA,EU27,1
France,2024,1.4,mock,Public administration,FRA,EU27,1
France,2025,1.6,mock,Public administration,FRA,EU27,1
France,2026,1.8,mock,Public administration,FRA,EU27,1
Germany,2016,0.6,mock,Public administration,DEU,EU27,1
Germany,2017,0.7,mock,Public administration,DEU,EU27,1
Germany,2018,0.7,mock,Public administration,DEU,EU27,1
Germany,2019,0.8,mock,Public administration,DEU,EU27,1
Germany,2020,0.9,mock,Public administration,DEU,EU27,1
Germany,2021,1.0,mock,Public administration,DEU,EU27,1
Germany,2022,1.0,mock,Public administration,DEU,EU27,1
Germany,2023,1.2,mock,Public administration,DEU,EU27,1
Germany,2024,1.3,mock,Public administration,DEU,EU27,1
Germany,2025,1.4,mock,Public administration,DEU,EU27,1
Germany,2026,1.6,mock,Public administration,DEU,EU27,1
India,2016,0.6,mock,Public administration,IND,Asia-Pacific,1
India,2017,0.6,mock,Public administration,IND,Asia-Pacific,1
India,2018,0.7,mock,Public administration,IND,Asia-Pacific,1
India,2019,0.8,mock,Public administration,IND,Asia-Pacific,1
India,2020,0.9,mock,Public administration,IND,Asia-Pacific,1
India,2021,1.1,mock,Public administration,IND,Asia-Pacific,1
India,2022,1.2,mock,Public administration,IND,Asia-Pacific,1
India,2023,1.3,mock,Public administration,IND,Asia-Pacific,1
India,2024,1.5,mock,Public administration,IND,Asia-Pacific,1
India,2025,1.6,mock,Public administration,IND,Asia-Pacific,1
India,2026,1.9,mock,Public administration,IND,Asia-Pacific,1
United Kingdom,2016,0.7,mock,Public administration,GBR,Europe (non-EU),1
United Kingdom,2017,0.9,mock,Public administration,GBR,Europe (non-EU),1
United Kingdom,2018,1.0,mock,Public administration,GBR,Europe (non-EU),1
United Kingdom,2019,1.1,mock,Public administration,GBR,Europe (non-EU),1
United Kingdom,2020,1.3,mock,Public administration,GBR,Europe (non-EU),1
United Kingdom,2021,1.4,mock,Public administration,GBR,Europe (non-EU),1
United Kingdom,2022,1.6,mock,Public administration,GBR,Europe (non-EU),1
United Kingdom,2023,1.9,mock,Public administration,GBR,Europe (non-EU),1
United Kingdom,2024,2.1,mock,Public administration,GBR,Europe (non-EU),1
United Kingdom,2025,2.4,mock,Public administration,GBR,Europe (non-EU),1
United Kingdom,2026,2.7,mock,Public administration,GBR,Europe (non-EU),1
United States,2016,0.8,mock,Public administration,USA,Americas,1
United States,2017,0.9,mock,Public administration,USA,Americas,1
United States,2018,1.0,mock,Public administration,USA,Americas,1
United States,2019,1.1,mock,Public administration,USA,Americas,1
United States,2020,1.3,mock,Public administration,USA,Americas,1
United States,2021,1.4,mock,Public administration,USA,Americas,1
United States,2022,1.6,mock,Public administration,USA,Americas,1
United States,2023,1.8,mock,Public administration,USA,Americas,1
United States,2024,2.0,mock,Public administration,USA,Americas,1
United States,2025,2.2,mock,Public administration,USA,Americas,1
United States,2026,2.5,mock,Public administration,USA,Americas,1
Spain,2016,0.7,mock,Public administration,ESP,EU27,1
Spain,2017,0.7,mock,Public administration,ESP,EU27,1
Spain,2018,0.8,mock,Public administration,ESP,EU27,1
Spain,2019,0.9,mock,Public administration,ESP,EU27,1
Spain,2020,1.0,mock,Public administration,ESP,EU27,1
Spain,2021,1.1,mock,Public administration,ESP,EU27,1
Spain,2022,1.2,mock,Public administration,ESP,EU27,1
Spain,2023,1.4,mock,Public administration,ESP,EU27,1
Spain,2024,1.5,mock,Public administration,ESP,EU27,1
Spain,2025,1.7,mock,Public administration,ESP,EU27,1
Spain,2026,1.9,mock,Public administration,ESP,EU27,1
Italy,2016,0.5,mock,Public administration,ITA,EU27,1
Italy,2017,0.6,mock,Public administration,ITA,EU27,1
Italy,2018,0.6,mock,Public administration,ITA,EU27,1
Italy,2019,0.6,mock,Public administration,ITA,EU27,1
Italy,2020,0.7,mock,Public administration,ITA,EU27,1
Italy,2021,0.7,mock,Public administration,ITA,EU27,1
Italy,2022,0.8,mock,Public administration,ITA,EU27,1
Italy,2023,0.9,mock,Public administration,ITA,EU27,1
Italy,2024,0.9,mock,Public administration,ITA,EU27,1
Italy,2025,1.1,mock,Public administration,ITA,EU27,1
Italy,2026,1.2,mock,Public administration,ITA,EU27,1
Netherlands,2016,1.1,mock,Public administration,NLD,EU27,1
Netherlands,2017,1.2,mock,Public administration,NLD,EU27,1
Netherlands,2018,1.3,mock,Public administration,NLD,EU27,1
Netherlands,2019,1.4,mock,Public administration,NLD,EU27,1
Netherlands,2020,1.5,mock,Public administration,NLD,EU27,1
Netherlands,2021,1.6,mock,Public administration,NLD,EU27,1
Netherlands,2022,1.8,mock,Public administration,NLD,EU27,1
Netherlands,2023,1.9,mock,Public administration,NLD,EU27,1
Netherlands,2024,2.1,mock,Public administration,NLD,EU27,1
Netherlands,2025,2.3,mock,Public administration,NLD,EU27,1
Netherlands,2026,2.5,mock,Public administration,NLD,EU27,1
Belgium,2016,1.0,mock,Public administration,BEL,EU27,1
Belgium,2017,1.0,mock,Public administration,BEL,EU27,1
Belgium,2018,1.1,mock,Public administration,BEL,EU27,1
Belgium,2019,1.2,mock,Public administration,BEL,EU27,1
Belgium,2020,1.2,mock,Public administration,BEL,EU27,1
Belgium,2021,1.4,mock,Public administration,BEL,EU27,1
Belgium,2022,1.5,mock,Public administration,BEL,EU27,1
Belgium,2023,1.6,mock,Public administration,BEL,EU27,1
Belgium,2024,1.8,mock,Public administration,BEL,EU27,1
Belgium,2025,2.0,mock,Public administration,BEL,EU27,1
Belgium,2026,2.3,mock,Public administration,BEL,EU27,1
Sweden,2016,0.6,mock,Public administration,SWE,EU27,1
Sweden,2017,0.7,mock,Public administration,SWE,EU27,1
Sweden,2018,0.8,mock,Public administration,SWE,EU27,1
Sweden,2019,0.8,mock,Public administration,SWE,EU27,1
Sweden,2020,0.9,mock,Public administration,SWE,EU27,1
Sweden,2021,1.0,mock,Public administration,SWE,EU27,1
Sweden,2022,1.2,mock,Public administration,SWE,EU27,1
Sweden,2023,1.3,mock,Public administration,SWE,EU27,1
Sweden,2024,1.4,mock,Public administration,SWE,EU27,1
Sweden,2025,1.5,mock,Public administration,SWE,EU27,1
Sweden,2026,1.7,mock,Public administration,SWE,EU27,1
Poland,2016,0.3,mock,Public administration,POL,EU27,1
Poland,2017,0.3,mock,Public administration,POL,EU27,1
Poland,2018,0.4,mock,Public administration,POL,EU27,1
Poland,2019,0.5,mock,Public administration,POL,EU27,1
Poland,2020,0.6,mock,Public administration,POL,EU27,1
Poland,2021,0.6,mock,Public administration,POL,EU27,1
Poland,2022,0.8,mock,Public administration,POL,EU27,1
Poland,2023,0.9,mock,Public administration,POL,EU27,1
Poland,2024,1.1,mock,Public administration,POL,EU27,1
Poland,2025,1.3,mock,Public administration,POL,EU27,1
Poland,2026,1.5,mock,Public administration,POL,EU27,1
Ireland,2016,0.7,mock,Public administration,IRL,EU27,1
Ireland,2017,0.7,mock,Public administration,IRL,EU27,1
Ireland,2018,0.7,mock,Public administration,IRL,EU27,1
Ireland,2019,0.8,mock,Public administration,IRL,EU27,1
Ireland,2020,0.9,mock,Public administration,IRL,EU27,1
Ireland,2021,1.0,mock,Public administration,IRL,EU27,1
Ireland,2022,1.0,mock,Public administration,IRL,EU27,1
Ireland,2023,1.1,mock,Public administration,IRL,EU27,1
Ireland,2024,1.3,mock,Public administration,IRL,EU27,1
Ireland,2025,1.4,mock,Public administration,IRL,EU27,1
Ireland,2026,1.6,mock,Public administration,IRL,EU27,1
Portugal,2016,0.6,mock,Public administration,PRT,EU27,1
Portugal,2017,0.7,mock,Public administration,PRT,EU27,1
Portugal,2018,0.7,mock,Public administration,PRT,EU27,1
Portugal,2019,0.8,mock,Public administration,PRT,EU27,1
Portugal,2020,1.0,mock,Public administration,PRT,EU27,1
Portugal,2021,1.1,mock,Public administration,PRT,EU27,1
Portugal,2022,1.2,mock,Public administration,PRT,EU27,1
Portugal,2023,1.3,mock,Public administration,PRT,EU27,1
Portugal,2024,1.5,mock,Public administration,PRT,EU27,1
Portugal,2025,1.6,mock,Public administration,PRT,EU27,1
Portugal,2026,1.8,mock,Public administration,PRT,EU27,1
Denmark,2016,0.5,mock,Public administration,DNK,EU27,1
Denmark,2017,0.6,mock,Public administration,DNK,EU27,1
Denmark,2018,0.6,mock,Public administration,DNK,EU27,1
Denmark,2019,0.6,mock,Public administration,DNK,EU27,1
Denmark,2020,0.7,mock,Public administration,DNK,EU27,1
Denmark,2021,0.7,mock,Public administration,DNK,EU27,1
Denmark,2022,0.8,mock,Public administration,DNK,EU27,1
Denmark,2023,0.8,mock,Public administration,DNK,EU27,1
Denmark,2024,0.9,mock,Public administration,DNK,EU27,1
Denmark,2025,1.0,mock,Public administration,DNK,EU27,1
Denmark,2026,1.1,mock,Public administration,DNK,EU27,1
Austria,2016,1.1,mock,Public administration,AUT,EU27,1
Austria,2017,1.1,mock,Public administration,AUT,EU27,1
Austria,2018,1.2,mock,Public administration,AUT,EU27,1
Austria,2019,1.2,mock,Public administration,AUT,EU27,1
Austria,2020,1.3,mock,Public administration,AUT,EU27,1
Austria,2021,1.4,mock,Public administration,AUT,EU27,1
Austria,2022,1.5,mock,Public administration,AUT,EU27,1
Austria,2023,1.7,mock,Public administration,AUT,EU27,1
Austria,2024,1.9,mock,Public administration,AUT,EU27,1
Austria,2025,2.1,mock,Public administration,AUT,EU27,1
Austria,2026,2.3,mock,Public administration,AUT,EU27,1
Finland,2016,1.1,mock,Public administration,FIN,EU27,1
Finland,2017,1.2,mock,Public administration,FIN,EU27,1
Finland,2018,1.3,mock,Public administration,FIN,EU27,1
Finland,2019,1.3,mock,Public administration,FIN,EU27,1
Finland,2020,1.4,mock,Public administration,FIN,EU27,1
Finland,2021,1.5,mock,Public administration,FIN,EU27,1
Finland,2022,1.6,mock,Public administration,FIN,EU27,1
Finland,2023,1.7,mock,Public administration,FIN,EU27,1
Finland,2024,1.8,mock,Public administration,FIN,EU27,1
Finland,2025,2.0,mock,Public administration,FIN,EU27,1
Finland,2026,2.1,mock,Public administration,FIN,EU27,1
Czechia,2016,0.5,mock,Public administration,CZE,EU27,1
Czechia,2017,0.6,mock,Public administration,CZE,EU27,1
Czechia,2018,0.6,mock,Public administration,CZE,EU27,1
Czechia,2019,0.8,mock,Public administration,CZE,EU27,1
Czechia,2020,0.9,mock,Public administration,CZE,EU27,1
Czechia,2021,1.0,mock,Public administration,CZE,EU27,1
Czechia,2022,1.1,mock,Public administration,CZE,EU27,1
Czechia,2023,1.3,mock,Public administration,CZE,EU27,1
Czechia,2024,1.4,mock,Public administration,CZE,EU27,1
Czechia,2025,1.7,mock,Public administration,CZE,EU27,1
Czechia,2026,1.9,mock,Public administration,CZE,EU27,1
Romania,2016,0.7,mock,Public administration,ROU,EU27,1
Romania,2017,0.8,mock,Public administration,ROU,EU27,1
Romania,2018,0.8,mock,Public administration,ROU,EU27,1
Romania,2019,1.0,mock,Public administration,ROU,EU27,1
Romania,2020,1.1,mock,Public administration,ROU,EU27,1
Romania,2021,1.2,mock,Public administration,ROU,EU27,1
Romania,2022,1.3,mock,Public administration,ROU,EU27,1
Romania,2023,1.5,mock,Public administration,ROU,EU27,1
Romania,2024,1.7,mock,Public administration,ROU,EU27,1
Romania,2025,1.8,mock,Public administration,ROU,EU27,1
Romania,2026,2.0,mock,Public administration,ROU,EU27,1
Greece,2016,0.6,mock,Public administration,GRC,EU27,1
Greece,2017,0.6,mock,Public administration,GRC,EU27,1
Greece,2018,0.7,mock,Public administration,GRC,EU27,1
Greece,2019,0.7,mock,Public administration,GRC,EU27,1
Greece,2020,0.7,mock,Public administration,GRC,EU27,1
Greece,2021,0.7,mock,Public administration,GRC,EU27,1
Greece,2022,0.8,mock,Public administration,GRC,EU27,1
Greece,2023,0.8,mock,Public administration,GRC,EU27,1
Greece,2024,0.9,mock,Public administration,GRC,EU27,1
Greece,2025,1.0,mock,Public administration,GRC,EU27,1
Greece,2026,1.1,mock,Public administration,GRC,EU27,1
Hungary,2016,0.6,mock,Public administration,HUN,EU27,1
Hungary,2017,0.6,mock,Public administration,HUN,EU27,1
Hungary,2018,0.6,mock,Public administration,HUN,EU27,1
Hungary,2019,0.6,mock,Public administration,HUN,EU27,1
Hungary,2020,0.7,mock,Public administration,HUN,EU27,1
Hungary,2021,0.7,mock,Public administration,HUN,EU27,1
Hungary,2022,0.7,mock,Public administration,HUN,EU27,1
Hungary,2023,0.8,mock,Public administration,HUN,EU27,1
Hungary,2024,0.8,mock,Public administration,HUN,EU27,1
Hungary,2025,0.9,mock,Public administration,HUN,EU27,1
Hungary,2026,0.9,mock,Public administration,HUN,EU27,1
Bulgaria,2016,0.3,mock,Public administration,BGR,EU27,1
Bulgaria,2017,0.4,mock,Public administration,BGR,EU27,1
Bulgaria,2018,0.4,mock,Public administration,BGR,EU27,1
Bulgaria,2019,0.5,mock,Public administration,BGR,EU27,1
Bulgaria,2020,0.5,mock,Public administration,BGR,EU27,1
Bulgaria,2021,0.6,mock,Public administration,BGR,EU27,1
Bulgaria,2022,0.6,mock,Public administration,BGR,EU27,1
Bulgaria,2023,0.7,mock,Public administration,BGR,EU27,1
Bulgaria,2024,0.8,mock,Public administration,BGR,EU27,1
Bulgaria,2025,0.9,mock,Public administration,BGR,EU27,1
Bulgaria,2026,1.0,mock,Public administration,BGR,EU27,1
Croatia,2016,0.9,mock,Public administration,HRV,EU27,1
Croatia,2017,1.0,mock,Public administration,HRV,EU27,1
Croatia,2018,1.1,mock,Public administration,HRV,EU27,1
Croatia,2019,1.1,mock,Public administration,HRV,EU27,1
Croatia,2020,1.2,mock,Public administration,HRV,EU27,1
Croatia,2021,1.3,mock,Public administration,HRV,EU27,1
Croatia,2022,1.3,mock,Public administration,HRV,EU27,1
Croatia,2023,1.4,mock,Public administration,HRV,EU27,1
Croatia,2024,1.5,mock,Public administration,HRV,EU27,1
Croatia,2025,1.6,mock,Public administration,HRV,EU27,1
Croatia,2026,1.7,mock,Public administration,HRV,EU27,1
Slovakia,2016,2.0,mock,Public administration,SVK,EU27,1
Slovakia,2017,2.0,mock,Public administration,SVK,EU27,1
Slovakia,2018,2.0,mock,Public administration,SVK,EU27,1
Slovakia,2019,2.1,mock,Public administration,SVK,EU27,1
Slovakia,2020,2.1,mock,Public administration,SVK,EU27,1
Slovakia,2021,2.1,mock,Public administration,SVK,EU27,1
Slovakia,2022,2.2,mock,Public administration,SVK,EU27,1
Slovakia,2023,2.2,mock,Public administration,SVK,EU27,1
Slovakia,2024,2.3,mock,Public administration,SVK,EU27,1
Slovakia,2025,2.3,mock,Public administration,SVK,EU27,1
Slovakia,2026,2.4,mock,Public administration,SVK,EU27,1
Lithuania,2016,0.4,mock,Public administration,LTU,EU27,1
Lithuania,2017,0.5,mock,Public administration,LTU,EU27,1
Lithuania,2018,0.5,mock,Public administration,LTU,EU27,1
Lithuania,2019,0.6,mock,Public administration,LTU,EU27,1
Lithuania,2020,0.7,mock,Public administration,LTU,EU27,1
Lithuania,2021,0.7,mock,Public administration,LTU,EU27,1
Lithuania,2022,0.8,mock,Public administration,LTU,EU27,1
Lithuania,2023,1.0,mock,Public administration,LTU,EU27,1
Lithuania,2024,1.1,mock,Public administration,LTU,EU27,1
Lithuania,2025,1.2,mock,Public administration,LTU,EU27,1
Lithuania,2026,1.4,mock,Public administration,LTU,EU27,1
Estonia,2016,0.5,mock,Public administration,EST,EU27,1
Estonia,2017,0.6,mock,Public administration,EST,EU27,1
Estonia,2018,0.6,mock,Public administration,EST,EU27,1
Estonia,2019,0.7,mock,Public administration,EST,EU27,1
Estonia,2020,0.7,mock,Public administration,EST,EU27,1
Estonia,2021,0.8,mock,Public administration,EST,EU27,1
Estonia,2022,1.0,mock,Public administration,EST,EU27,1
Estonia,2023,1.0,mock,Public administration,EST,EU27,1
Estonia,2024,1.2,mock,Public administration,EST,EU27,1
Estonia,2025,1.4,mock,Public administration,EST,EU27,1
Estonia,2026,1.6,mock,Public administration,EST,EU27,1
Switzerland,2016,1.0,mock,Public administration,CHE,Europe (non-EU),1
Switzerland,2017,1.1,mock,Public administration,CHE,Europe (non-EU),1
Switzerland,2018,1.2,mock,Public administration,CHE,Europe (non-EU),1
Switzerland,2019,1.2,mock,Public administration,CHE,Europe (non-EU),1
Switzerland,2020,1.3,mock,Public administration,CHE,Europe (non-EU),1
Switzerland,2021,1.4,mock,Public administration,CHE,Europe (non-EU),1
Switzerland,2022,1.5,mock,Public administration,CHE,Europe (non-EU),1
Switzerland,2023,1.6,mock,Public administration,CHE,Europe (non-EU),1
Switzerland,2024,1.7,mock,Public administration,CHE,Europe (non-EU),1
Switzerland,2025,1.9,mock,Public administration,CHE,Europe (non-EU),1
Switzerland,2026,2.1,mock,Public administration,CHE,Europe (non-EU),1
Norway,2016,0.5,mock,Public administration,NOR,Europe (non-EU),1
Norway,2017,0.6,mock,Public administration,NOR,Europe (non-EU),1
Norway,2018,0.6,mock,Public administration,NOR,Europe (non-EU),1
Norway,2019,0.7,mock,Public administration,NOR,Europe (non-EU),1
Norway,2020,0.8,mock,Public administration,NOR,Europe (non-EU),1
Norway,2021,0.9,mock,Public administration,NOR,Europe (non-EU),1
Norway,2022,1.0,mock,Public administration,NOR,Europe (non-EU),1
Norway,2023,1.2,mock,Public administration,NOR,Europe (non-EU),1
Norway,2024,1.3,mock,Public administration,NOR,Europe (non-EU),1
Norway,2025,1.5,mock,Public administration,NOR,Europe (non-EU),1
Norway,2026,1.8,mock,Public administration,NOR,Europe (non-EU),1
Turkey,2016,0.9,mock,Public administration,TUR,Europe (non-EU),1
Turkey,2017,1.0,mock,Public administration,TUR,Europe (non-EU),1
Turkey,2018,1.1,mock,Public administration,TUR,Europe (non-EU),1
Turkey,2019,1.2,mock,Public administration,TUR,Europe (non-EU),1
Turkey,2020,1.3,mock,Public administration,TUR,Europe (non-EU),1
Turkey,2021,1.4,mock,Public administration,TUR,Europe (non-EU),1
Turkey,2022,1.6,mock,Public administration,TUR,Europe (non-EU),1
Turkey,2023,1.7,mock,Public administration,TUR,Europe (non-EU),1
Turkey,2024,1.8,mock,Public administration,TUR,Europe (non-EU),1
Turkey,2025,2.0,mock,Public administration,TUR,Europe (non-EU),1
Turkey,2026,2.1,mock,Public administration,TUR,Europe (non-EU),1
Canada,2016,1.1,mock,Public administration,CAN,Americas,1
Canada,2017,1.2,mock,Public administration,CAN,Americas,1
Canada,2018,1.3,mock,Public administration,CAN,Americas,1
Canada,2019,1.3,mock,Public administration,CAN,Americas,1
Canada,2020,1.4,mock,Public administration,CAN,Americas,1
Canada,2021,1.5,mock,Public administration,CAN,Americas,1
Canada,2022,1.6,mock,Public administration,CAN,Americas,1
Canada,2023,1.8,mock,Public administration,CAN,Americas,1
Canada,2024,1.9,mock,Public administration,CAN,Americas,1
Canada,2025,2.1,mock,Public administration,CAN,Americas,1
Canada,2026,2.3,mock,Public administration,CAN,Americas,1
Mexico,2016,1.0,mock,Public administration,MEX,Americas,1
Mexico,2017,1.1,mock,Public administration,MEX,Americas,1
Mexico,2018,1.2,mock,Public administration,MEX,Americas,1
Mexico,2019,1.2,mock,Public administration,MEX,Americas,1
Mexico,2020,1.3,mock,Public administration,MEX,Americas,1
Mexico,2021,1.4,mock,Public administration,MEX,Americas,1
Mexico,2022,1.5,mock,Public administration,MEX,Americas,1
Mexico,2023,1.6,mock,Public administration,MEX,Americas,1
Mexico,2024,1.7,mock,Public administration,MEX,Americas,1
Mexico,2025,1.8,mock,Public administration,MEX,Americas,1
Mexico,2026,2.0,mock,Public administration,MEX,Americas,1
Brazil,2016,0.5,mock,Public administration,BRA,Americas,1
Brazil,2017,0.5,mock,Public administration,BRA,Americas,1
Brazil,2018,0.6,mock,Public administration,BRA,Americas,1
Brazil,2019,0.7,mock,Public administration,BRA,Americas,1
Brazil,2020,0.8,mock,Public administration,BRA,Americas,1
Brazil,2021,0.9,mock,Public administration,BRA,Americas,1
Brazil,2022,1.0,mock,Public administration,BRA,Americas,1
Brazil,2023,1.1,mock,Public administration,BRA,Americas,1
Brazil,2024,1.3,mock,Public administration,BRA,Americas,1
Brazil,2025,1.5,mock,Public administration,BRA,Americas,1
Brazil,2026,1.7,mock,Public administration,BRA,Americas,1
Argentina,2016,1.1,mock,Public administration,ARG,Americas,1
Argentina,2017,1.2,mock,Public administration,ARG,Americas,1
Argentina,2018,1.2,mock,Public administration,ARG,Americas,1
Argentina,2019,1.3,mock,Public administration,ARG,Americas,1
Argentina,2020,1.4,mock,Public administration,ARG,Americas,1
Argentina,2021,1.4,mock,Public administration,ARG,Americas,1
Argentina,2022,1.6,mock,Public administration,ARG,Americas,1
Argentina,2023,1.7,mock,Public administration,ARG,Americas,1
Argentina,2024,1.8,mock,Public administration,ARG,Americas,1
Argentina,2025,2.0,mock,Public administration,ARG,Americas,1
Argentina,2026,2.2,mock,Public administration,ARG,Americas,1
Chile,2016,0.4,mock,Public administration,CHL,Americas,1
Chile,2017,0.5,mock,Public administration,CHL,Americas,1
Chile,2018,0.6,mock,Public administration,CHL,Americas,1
Chile,2019,0.7,mock,Public administration,CHL,Americas,1
Chile,2020,0.8,mock,Public administration,CHL,Americas,1
Chile,2021,1.0,mock,Public administration,CHL,Americas,1
Chile,2022,1.1,mock,Public administration,CHL,Americas,1
Chile,2023,1.2,mock,Public administration,CHL,Americas,1
Chile,2024,1.4,mock,Public administration,CHL,Americas,1
Chile,2025,1.6,mock,Public administration,CHL,Americas,1
Chile,2026,1.8,mock,Public administration,CHL,Americas,1
Colombia,2016,0.5,mock,Public administration,COL,Americas,1
Colombia,2017,0.7,mock,Public administration,COL,Americas,1
Colombia,2018,0.7,mock,Public administration,COL,Americas,1
Colombia,2019,0.8,mock,Public administration,COL,Americas,1
Colombia,2020,1.0,mock,Public administration,COL,Americas,1
Colombia,2021,1.1,mock,Public administration,COL,Americas,1
Colombia,2022,1.3,mock,Public administration,COL,Americas,1
Colombia,2023,1.5,mock,Public administration,COL,Americas,1
Colombia,2024,1.7,mock,Public administration,COL,Americas,1
Colombia,2025,2.0,mock,Public administration,COL,Americas,1
Colombia,2026,2.3,mock,Public administration,COL,Americas,1
Peru,2016,0.3,mock,Public administration,PER,Americas,1
Peru,2017,0.4,mock,Public administration,PER,Americas,1
Peru,2018,0.4,mock,Public administration,PER,Americas,1
Peru,2019,0.4,mock,Public administration,PER,Americas,1
Peru,2020,0.5,mock,Public administration,PER,Americas,1
Peru,2021,0.6,mock,Public administration,PER,Americas,1
Peru,2022,0.6,mock,Public administration,PER,Americas,1
Peru,2023,0.7,mock,Public administration,PER,Americas,1
Peru,2024,0.8,mock,Public administration,PER,Americas,1
Peru,2025,0.9,mock,Public administration,PER,Americas,1
Peru,2026,1.0,mock,Public administration,PER,Americas,1
Australia,2016,0.4,mock,Public administration,AUS,Asia-Pacific,1
Australia,2017,0.5,mock,Public administration,AUS,Asia-Pacific,1
Australia,2018,0.6,mock,Public administration,AUS,Asia-Pacific,1
Australia,2019,0.7,mock,Public administration,AUS,Asia-Pacific,1
Australia,2020,0.9,mock,Public administration,AUS,Asia-Pacific,1
Australia,2021,1.1,mock,Public administration,AUS,Asia-Pacific,1
Australia,2022,1.2,mock,Public administration,AUS,Asia-Pacific,1
Australia,2023,1.5,mock,Public administration,AUS,Asia-Pacific,1
Australia,2024,1.6,mock,Public administration,AUS,Asia-Pacific,1
Australia,2025,1.9,mock,Public administration,AUS,Asia-Pacific,1
Australia,2026,2.1,mock,Public administration,AUS,Asia-Pacific,1
New Zealand,2016,0.7,mock,Public administration,NZL,Asia-Pacific,1
New Zealand,2017,0.8,mock,Public administration,NZL,Asia-Pacific,1
New Zealand,2018,0.8,mock,Public administration,NZL,Asia-Pacific,1
New Zealand,2019,0.9,mock,Public administration,NZL,Asia-Pacific,1
New Zealand,2020,0.9,mock,Public administration,NZL,Asia-Pacific,1
New Zealand,2021,0.9,mock,Public administration,NZL,Asia-Pacific,1
New Zealand,2022,1.0,mock,Public administration,NZL,Asia-Pacific,1
New Zealand,2023,1.1,mock,Public administration,NZL,Asia-Pacific,1
New Zealand,2024,1.1,mock,Public administration,NZL,Asia-Pacific,1
New Zealand,2025,1.2,mock,Public administration,NZL,Asia-Pacific,1
New Zealand,2026,1.3,mock,Public administration,NZL,Asia-Pacific,1
Japan,2016,1.3,mock,Public administration,JPN,Asia-Pacific,1
Japan,2017,1.3,mock,Public administration,JPN,Asia-Pacific,1
Japan,2018,1.4,mock,Public administration,JPN,Asia-Pacific,1
Japan,2019,1.4,mock,Public administration,JPN,Asia-Pacific,1
Japan,2020,1.5,mock,Public administration,JPN,Asia-Pacific,1
Japan,2021,1.6,mock,Public administration,JPN,Asia-Pacific,1
Japan,2022,1.7,mock,Public administration,JPN,Asia-Pacific,1
Japan,2023,1.8,mock,Public administration,JPN,Asia-Pacific,1
Japan,2024,1.9,mock,Public administration,JPN,Asia-Pacific,1
Japan,2025,2.0,mock,Public administration,JPN,Asia-Pacific,1
Japan,2026,2.1,mock,Public administration,JPN,Asia-Pacific,1
Singapore,2016,1.1,mock,Public administration,SGP,Asia-Pacific,1
Singapore,2017,1.1,mock,Public administration,SGP,Asia-Pacific,1
Singapore,2018,1.2,mock,Public administration,SGP,Asia-Pacific,1
Singapore,2019,1.2,mock,Public administration,SGP,Asia-Pacific,1
Singapore,2020,1.3,mock,Public administration,SGP,Asia-Pacific,1
Singapore,2021,1.4,mock,Public administration,SGP,Asia-Pacific,1
Singapore,2022,1.5,mock,Public administration,SGP,Asia-Pacific,1
Singapore,2023,1.5,mock,Public administration,SGP,Asia-Pacific,1
Singapore,2024,1.6,mock,Public administration,SGP,Asia-Pacific,1
Singapore,2025,1.7,mock,Public administration,SGP,Asia-Pacific,1
Singapore,2026,1.8,mock,Public administration,SGP,Asia-Pacific,1
Indonesia,2016,0.4,mock,Public administration,IDN,Asia-Pacific,1
Indonesia,2017,0.4,mock,Public administration,IDN,Asia-Pacific,1
Indonesia,2018,0.4,mock,Public administration,IDN,Asia-Pacific,1
Indonesia,2019,0.4,mock,Public administration,IDN,Asia-Pacific,1
Indonesia,2020,0.5,mock,Public administration,IDN,Asia-Pacific,1
Indonesia,2021,0.5,mock,Public administration,IDN,Asia-Pacific,1
Indonesia,2022,0.6,mock,Public administration,IDN,Asia-Pacific,1
Indonesia,2023,0.6,mock,Public administration,IDN,Asia-Pacific,1
Indonesia,2024,0.7,mock,Public administration,IDN,Asia-Pacific,1
Indonesia,2025,0.7,mock,Public administration,IDN,Asia-Pacific,1
Indonesia,2026,0.8,mock,Public administration,IDN,Asia-Pacific,1
Philippines,2016,0.5,mock,Public administration,PHL,Asia-Pacific,1
Philippines,2017,0.5,mock,Public administration,PHL,Asia-Pacific,1
Philippines,2018,0.6,mock,Public administration,PHL,Asia-Pacific,1
Philippines,2019,0.6,mock,Public administration,PHL,Asia-Pacific,1
Philippines,2020,0.6,mock,Public administration,PHL,Asia-Pacific,1
Philippines,2021,0.7,mock,Public administration,PHL,Asia-Pacific,1
Philippines,2022,0.7,mock,Public administration,PHL,Asia-Pacific,1
Philippines,2023,0.8,mock,Public administration,PHL,Asia-Pacific,1
Philippines,2024,0.9,mock,Public administration,PHL,Asia-Pacific,1
Philippines,2025,1.0,mock,Public administration,PHL,Asia-Pacific,1
Philippines,2026,1.1,mock,Public administration,PHL,Asia-Pacific,1
Malaysia,2016,0.6,mock,Public administration,MYS,Asia-Pacific,1
Malaysia,2017,0.7,mock,Public administration,MYS,Asia-Pacific,1
Malaysia,2018,0.7,mock,Public administration,MYS,Asia-Pacific,1
Malaysia,2019,0.7,mock,Public administration,MYS,Asia-Pacific,1
Malaysia,2020,0.8,mock,Public administration,MYS,Asia-Pacific,1
Malaysia,2021,0.9,mock,Public administration,MYS,Asia-Pacific,1
Malaysia,2022,0.9,mock,Public administration,MYS,Asia-Pacific,1
Malaysia,2023,1.0,mock,Public administration,MYS,Asia-Pacific,1
Malaysia,2024,1.1,mock,Public administration,MYS,Asia-Pacific,1
Malaysia,2025,1.2,mock,Public administration,MYS,Asia-Pacific,1
Malaysia,2026,1.3,mock,Public administration,MYS,Asia-Pacific,1
United Arab Emirates,2016,0.5,mock,Public administration,ARE,Middle East,1
United Arab Emirates,2017,0.6,mock,Public administration,ARE,Middle East,1
United Arab Emirates,2018,0.7,mock,Public administration,ARE,Middle East,1
United Arab Emirates,2019,0.8,mock,Public administration,ARE,Middle East,1
United Arab Emirates,2020,0.9,mock,Public administration,ARE,Middle East,1
United Arab Emirates,2021,1.0,mock,Public administration,ARE,Middle East,1
United Arab Emirates,2022,1.1,mock,Public administration,ARE,Middle East,1
United Arab Emirates,2023,1.2,mock,Public administration,ARE,Middle East,1
United Arab Emirates,2024,1.4,mock,Public administration,ARE,Middle East,1
United Arab Emirates,2025,1.6,mock,Public administration,ARE,Middle East,1
United Arab Emirates,2026,1.7,mock,Public administration,ARE,Middle East,1
Saudi Arabia,2016,0.6,mock,Public administration,SAU,Middle East,1
Saudi Arabia,2017,0.7,mock,Public administration,SAU,Middle East,1
Saudi Arabia,2018,0.7,mock,Public administration,SAU,Middle East,1
Saudi Arabia,2019,0.8,mock,Public administration,SAU,Middle East,1
Saudi Arabia,2020,0.9,mock,Public administration,SAU,Middle East,1
Saudi Arabia,2021,0.9,mock,Public administration,SAU,Middle East,1
Saudi Arabia,2022,1.0,mock,Public administration,SAU,Middle East,1
Saudi Arabia,2023,1.2,mock,Public administration,SAU,Middle East,1
Saudi Arabia,2024,1.3,mock,Public administration,SAU,Middle East,1
Saudi Arabia,2025,1.4,mock,Public administration,SAU,Middle East,1
Saudi Arabia,2026,1.6,mock,Public administration,SAU,Middle East,1
Israel,2016,0.6,mock,Public administration,ISR,Middle East,1
Israel,2017,0.7,mock,Public administration,ISR,Middle East,1
Israel,2018,0.8,mock,Public administration,ISR,Middle East,1
Israel,2019,0.8,mock,Public administration,ISR,Middle East,1
Israel,2020,0.9,mock,Public administration,ISR,Middle East,1
Israel,2021,1.0,mock,Public administration,ISR,Middle East,1
Israel,2022,1.1,mock,Public administration,ISR,Middle East,1
Israel,2023,1.3,mock,Public administration,ISR,Middle East,1
Israel,2024,1.4,mock,Public administration,ISR,Middle East,1
Israel,2025,1.6,mock,Public administration,ISR,Middle East,1
Israel,2026,1.8,mock,Public administration,ISR,Middle East,1
Qatar,2016,1.3,mock,Public administration,QAT,Middle East,1
Qatar,2017,1.3,mock,Public administration,QAT,Middle East,1
Qatar,2018,1.4,mock,Public administration,QAT,Middle East,1
Qatar,2019,1.4,mock,Public administration,QAT,Middle East,1
Qatar,2020,1.5,mock,Public administration,QAT,Middle East,1
Qatar,2021,1.6,mock,Public administration,QAT,Middle East,1
Qatar,2022,1.7,mock,Public administration,QAT,Middle East,1
Qatar,2023,1.8,mock,Public administration,QAT,Middle East,1
Qatar,2024,1.8,mock,Public administration,QAT,Middle East,1
Qatar,2025,2.0,mock,Public administration,QAT,Middle East,1
Qatar,2026,2.1,mock,Public administration,QAT,Middle East,1
South Africa,2016,0.5,mock,Public administration,ZAF,Africa,1
South Africa,2017,0.6,mock,Public administration,ZAF,Africa,1
South Africa,2018,0.7,mock,Public administration,ZAF,Africa,1
South Africa,2019,0.8,mock,Public administration,ZAF,Africa,1
South Africa,2020,0.9,mock,Public administration,ZAF,Africa,1
South Africa,2021,1.1,mock,Public administration,ZAF,Africa,1
South Africa,2022,1.2,mock,Public administration,ZAF,Africa,1
South Africa,2023,1.4,mock,Public administration,ZAF,Africa,1
South Africa,2024,1.6,mock,Public administration,ZAF,Africa,1
South Africa,2025,1.8,mock,Public administration,ZAF,Africa,1
South Africa,2026,2.1,mock,Public administration,ZAF,Africa,1
Nigeria,2016,0.7,mock,Public administration,NGA,Africa,1
Nigeria,2017,0.7,mock,Public administration,NGA,Africa,1
Nigeria,2018,0.8,mock,Public administration,NGA,Africa,1
Nigeria,2019,0.9,mock,Public administration,NGA,Africa,1
Nigeria,2020,0.9,mock,Public administration,NGA,Africa,1
Nigeria,2021,1.0,mock,Public administration,NGA,Africa,1
Nigeria,2022,1.1,mock,Public administration,NGA,Africa,1
Nigeria,2023,1.2,mock,Public administration,NGA,Africa,1
Nigeria,2024,1.3,mock,Public administration,NGA,Africa,1
Nigeria,2025,1.4,mock,Public administration,NGA,Africa,1
Nigeria,2026,1.6,mock,Public administration,NGA,Africa,1
Egypt,2016,0.4,mock,Public administration,EGY,Africa,1
Egypt,2017,0.5,mock,Public administration,EGY,Africa,1
Egypt,2018,0.5,mock,Public administration,EGY,Africa,1
Egypt,2019,0.6,mock,Public administration,EGY,Africa,1
Egypt,2020,0.7,mock,Public administration,EGY,Africa,1
Egypt,2021,0.7,mock,Public administration,EGY,Africa,1
Egypt,2022,0.8,mock,Public administration,EGY,Africa,1
Egypt,2023,0.9,mock,Public administration,EGY,Africa,1
Egypt,2024,1.0,mock,Public administration,EGY,Africa,1
Egypt,2025,1.1,mock,Public administration,EGY,Africa,1
Egypt,2026,1.2,mock,Public administration,EGY,Africa,1
Kenya,2016,0.4,mock,Public administration,KEN,Africa,1
Kenya,2017,0.5,mock,Public administration,KEN,Africa,1
Kenya,2018,0.5,mock,Public administration,KEN,Africa,1
Kenya,2019,0.6,mock,Public administration,KEN,Africa,1
Kenya,2020,0.6,mock,Public administration,KEN,Africa,1
Kenya,2021,0.7,mock,Public administration,KEN,Africa,1
Kenya,2022,0.8,mock,Public administration,KEN,Africa,1
Kenya,2023,0.9,mock,Public administration,KEN,Africa,1
Kenya,2024,1.0,mock,Public administration,KEN,Africa,1
Kenya,2025,1.2,mock,Public administration,KEN,Africa,1
Kenya,2026,1.3,mock,Public administration,KEN,Africa,1
